czas_utc,dzien_tygodnia,godzina,trasa,czas_s,czas_bez_ruchu_s,opoznienie_s,opoznienie_wzgl_typowego_s
2026-09-01T07:00:43+00:00,1,9,od-poznania,556,501,55,0
2026-09-01T07:00:43+00:00,1,9,od-srody,544,493,51,0
2026-09-01T07:00:43+00:00,1,9,od-gostynia,696,629,67,0
2026-09-01T07:00:43+00:00,1,9,od-leszna-most,825,470,355,265
2026-09-01T07:00:43+00:00,1,9,od-czempinia,745,637,108,69
2026-09-01T07:00:43+00:00,1,9,objazd-obwodnica,1540,1026,514,417
2026-09-01T07:00:43+00:00,1,9,wyjazd-na-poznan,476,410,66,24
2026-09-01T07:01:31+00:00,1,9,od-poznania,555,501,54,0
2026-09-01T07:01:31+00:00,1,9,od-srody,544,493,51,0
2026-09-01T07:01:31+00:00,1,9,od-gostynia,732,545,187,96
2026-09-01T07:01:31+00:00,1,9,od-leszna-most,647,470,177,75
2026-09-01T07:01:31+00:00,1,9,od-czempinia,745,637,108,69
2026-09-01T07:01:31+00:00,1,9,objazd-obwodnica,1529,1026,503,417
2026-09-01T07:01:31+00:00,1,9,wyjazd-na-poznan,473,410,63,21
2026-09-01T07:16:30+00:00,1,9,od-poznania,560,501,59,0
2026-09-01T07:16:30+00:00,1,9,od-srody,547,493,54,0
2026-09-01T07:16:30+00:00,1,9,od-gostynia,701,629,72,0
2026-09-01T07:16:30+00:00,1,9,od-leszna-most,603,470,133,0
2026-09-01T07:16:30+00:00,1,9,od-czempinia,705,637,68,0
2026-09-01T07:16:30+00:00,1,9,objazd-obwodnica,1565,1026,539,451
2026-09-01T07:16:30+00:00,1,9,wyjazd-na-poznan,467,410,57,0
2026-09-01T07:37:34+00:00,1,9,od-poznania,559,501,58,0
2026-09-01T07:37:34+00:00,1,9,od-srody,546,493,53,0
2026-09-01T07:37:34+00:00,1,9,od-gostynia,658,551,107,0
2026-09-01T07:37:34+00:00,1,9,od-leszna-most,599,470,129,0
2026-09-01T07:37:34+00:00,1,9,od-czempinia,704,637,67,0
2026-09-01T07:37:34+00:00,1,9,objazd-obwodnica,1151,1026,125,0
2026-09-01T07:37:34+00:00,1,9,wyjazd-na-poznan,467,410,57,0
2026-09-01T08:04:31+00:00,1,10,od-poznania,562,501,61,0
2026-09-01T08:04:31+00:00,1,10,od-srody,547,493,54,0
2026-09-01T08:04:31+00:00,1,10,od-gostynia,699,629,70,0
2026-09-01T08:04:31+00:00,1,10,od-leszna-most,684,470,214,128
2026-09-01T08:04:31+00:00,1,10,od-czempinia,704,637,67,0
2026-09-01T08:04:31+00:00,1,10,objazd-obwodnica,1624,1052,572,372
2026-09-01T08:04:31+00:00,1,10,wyjazd-na-poznan,467,410,57,0
2026-09-01T08:04:57+00:00,1,10,obwodnica-centrum,312,276,36,0
2026-09-01T08:04:57+00:00,1,10,od-poznania,560,501,59,0
2026-09-01T08:04:57+00:00,1,10,od-srody,547,493,54,0
2026-09-01T08:04:57+00:00,1,10,od-gostynia,699,629,70,0
2026-09-01T08:04:57+00:00,1,10,od-leszna-most,683,470,213,128
2026-09-01T08:04:57+00:00,1,10,od-czempinia,704,637,67,0
2026-09-01T08:04:57+00:00,1,10,objazd-obwodnica,1624,1052,572,372
2026-09-01T08:04:57+00:00,1,10,wyjazd-na-poznan,469,410,59,0
2026-09-01T08:19:25+00:00,1,10,obwodnica-plac20,218,203,15,0
2026-09-01T08:19:25+00:00,1,10,od-poznania,565,501,64,0
2026-09-01T08:19:25+00:00,1,10,od-srody,550,493,57,0
2026-09-01T08:19:25+00:00,1,10,od-gostynia,702,629,73,0
2026-09-01T08:19:25+00:00,1,10,od-leszna-most,743,470,273,196
2026-09-01T08:19:25+00:00,1,10,od-czempinia,707,637,70,0
2026-09-01T08:19:25+00:00,1,10,objazd-gostynska,743,273,470,433
2026-09-01T08:19:25+00:00,1,10,wyjazd-na-poznan,471,410,61,0
2026-09-01T08:22:41+00:00,1,10,obwodnica-plac20,218,203,15,0
2026-09-01T08:22:41+00:00,1,10,od-poznania,566,501,65,0
2026-09-01T08:22:41+00:00,1,10,od-srody,550,493,57,0
2026-09-01T08:22:41+00:00,1,10,od-gostynia,702,629,73,0
2026-09-01T08:22:41+00:00,1,10,od-leszna-most,668,470,198,111
2026-09-01T08:22:41+00:00,1,10,od-czempinia,707,637,70,0
2026-09-01T08:22:41+00:00,1,10,objazd-gostynska,653,273,380,355
2026-09-01T08:22:41+00:00,1,10,wyjazd-na-poznan,471,410,61,0
2026-09-01T08:35:10+00:00,1,10,obwodnica-plac20,218,203,15,0
2026-09-01T08:35:10+00:00,1,10,od-poznania-plac20,468,428,40,0
2026-09-01T08:35:10+00:00,1,10,od-srody-plac20,452,420,32,0
2026-09-01T08:35:10+00:00,1,10,od-gostynia-staszica,364,318,46,0
2026-09-01T08:35:10+00:00,1,10,od-leszna-most,604,470,134,0
2026-09-01T08:35:10+00:00,1,10,od-czempinia-rondo-ak,668,595,73,0
2026-09-01T08:35:10+00:00,1,10,objazd-gostynska,695,273,422,392
2026-09-01T08:35:10+00:00,1,10,wyjazd-plac20-poznan,463,429,34,0
2026-09-01T08:43:10+00:00,1,10,obwodnica-plac20,218,203,15,0
2026-09-01T08:43:10+00:00,1,10,od-poznania-plac20,467,428,39,0
2026-09-01T08:43:10+00:00,1,10,od-srody-plac20,452,420,32,0
2026-09-01T08:43:10+00:00,1,10,od-gostynia-staszica,365,318,47,0
2026-09-01T08:43:10+00:00,1,10,od-leszna-most-bp,887,624,263,131
2026-09-01T08:43:10+00:00,1,10,od-czempinia-rondo-ak,668,595,73,0
2026-09-01T08:43:10+00:00,1,10,objazd-gostynska,716,273,443,426
2026-09-01T08:43:10+00:00,1,10,wyjazd-plac20-poznan,463,429,34,0
2026-09-01T10:04:48+00:00,1,12,obwodnica-plac20,220,203,17,0
2026-09-01T10:04:48+00:00,1,12,od-poznania-plac20,468,428,40,0
2026-09-01T10:04:48+00:00,1,12,od-srody-plac20,452,420,32,0
2026-09-01T10:04:48+00:00,1,12,od-gostynia-staszica,370,318,52,0
2026-09-01T10:04:48+00:00,1,12,od-leszna-most-bp,831,624,207,26
2026-09-01T10:04:48+00:00,1,12,od-czempinia-rondo-ak,604,497,107,0
2026-09-01T10:04:48+00:00,1,12,objazd-gostynska,875,273,602,587
2026-09-01T10:04:48+00:00,1,12,wyjazd-plac20-poznan,463,429,34,0
2026-09-01T11:46:50+00:00,1,13,obwodnica-plac20,222,203,19,0
2026-09-01T11:46:50+00:00,1,13,od-czmonia-plac20,628,577,51,0
2026-09-01T11:46:50+00:00,1,13,od-srody-plac20,454,420,34,0
2026-09-01T11:46:50+00:00,1,13,od-gostynia-staszica,377,318,59,0
2026-09-01T11:46:50+00:00,1,13,od-leszna-most-bp,821,624,197,0
2026-09-01T11:46:50+00:00,1,13,od-czempinia-rondo-ak,646,497,149,47
2026-09-01T11:46:50+00:00,1,13,objazd-gostynska,877,273,604,587
2026-09-01T11:46:50+00:00,1,13,wyjazd-plac20-czmon,625,581,44,0
2026-09-01T14:08:54+00:00,1,16,obwodnica-plac20,263,203,60,32
2026-09-01T14:08:54+00:00,1,16,od-czmonia-plac20,661,618,43,0
2026-09-01T14:08:54+00:00,1,16,od-srody-plac20,599,420,179,141
2026-09-01T14:08:54+00:00,1,16,od-gostynia-staszica,943,318,625,593
2026-09-01T14:08:54+00:00,1,16,od-leszna-most-bp,982,711,271,35
2026-09-01T14:08:54+00:00,1,16,od-czempinia-rondo-ak,710,595,115,0
2026-09-01T14:08:54+00:00,1,16,objazd-gostynska,1201,273,928,873
2026-09-01T14:08:54+00:00,1,16,wyjazd-plac20-czmon,709,639,70,15
2026-09-01T16:47:09+00:00,1,18,obwodnica-plac20,212,203,9,0
2026-09-01T16:47:09+00:00,1,18,od-czmonia-plac20,593,577,16,0
2026-09-01T16:47:09+00:00,1,18,od-srody-plac20,434,420,14,0
2026-09-01T16:47:09+00:00,1,18,od-gostynia-staszica,342,318,24,0
2026-09-01T16:47:09+00:00,1,18,od-leszna-most-bp,723,624,99,0
2026-09-01T16:47:09+00:00,1,18,od-czempinia-rondo-ak,615,497,118,72
2026-09-01T16:47:09+00:00,1,18,objazd-gostynska,302,273,29,0
2026-09-01T16:47:09+00:00,1,18,wyjazd-plac20-czmon,598,581,17,0
2026-09-01T19:32:23+00:00,1,21,obwodnica-plac20,214,203,11,0
2026-09-01T19:32:23+00:00,1,21,od-czmonia-plac20,602,577,25,0
2026-09-01T19:32:23+00:00,1,21,od-srody-plac20,439,420,19,0
2026-09-01T19:32:23+00:00,1,21,od-gostynia-staszica,334,318,16,0
2026-09-01T19:32:23+00:00,1,21,od-leszna-most-bp,682,624,58,0
2026-09-01T19:32:23+00:00,1,21,od-czempinia-rondo-ak,593,497,96,72
2026-09-01T19:32:23+00:00,1,21,objazd-gostynska,289,273,16,0
2026-09-01T19:32:23+00:00,1,21,wyjazd-plac20-czmon,607,578,29,0
2026-09-02T04:04:18+00:00,2,6,obwodnica-plac20,323,308,15,0
2026-09-02T04:04:18+00:00,2,6,od-czmonia-plac20,732,682,50,0
2026-09-02T04:04:18+00:00,2,6,od-srody-plac20,556,525,31,0
2026-09-02T04:04:18+00:00,2,6,od-gostynia-staszica,335,318,17,0
2026-09-02T04:04:18+00:00,2,6,od-leszna-most-bp,696,624,72,0
2026-09-02T04:04:18+00:00,2,6,od-czempinia-rondo-ak,536,497,39,0
2026-09-02T04:04:18+00:00,2,6,objazd-gostynska,293,273,20,0
2026-09-02T04:04:18+00:00,2,6,wyjazd-plac20-czmon,611,578,33,0
2026-09-02T04:14:15+00:00,2,6,obwodnica-plac20,325,308,17,0
2026-09-02T04:14:15+00:00,2,6,od-czmonia-plac20,737,682,55,0
2026-09-02T04:14:15+00:00,2,6,od-srody-plac20,561,525,36,0
2026-09-02T04:14:15+00:00,2,6,od-gostynia-staszica,338,318,20,0
2026-09-02T04:14:15+00:00,2,6,od-leszna-most-bp,710,624,86,0
2026-09-02T04:14:15+00:00,2,6,od-czempinia-rondo-ak,588,497,91,47
2026-09-02T04:14:15+00:00,2,6,objazd-gostynska,296,273,23,0
2026-09-02T04:14:15+00:00,2,6,wyjazd-plac20-czmon,617,578,39,0
2026-09-02T04:24:17+00:00,2,6,obwodnica-plac20,328,308,20,0
2026-09-02T04:24:17+00:00,2,6,od-czmonia-plac20,741,682,59,0
2026-09-02T04:24:17+00:00,2,6,od-srody-plac20,567,525,42,0
2026-09-02T04:24:17+00:00,2,6,od-gostynia-staszica,341,318,23,0
2026-09-02T04:24:17+00:00,2,6,od-leszna-most-bp,727,624,103,0
2026-09-02T04:24:17+00:00,2,6,od-czempinia-rondo-ak,633,595,38,0
2026-09-02T04:24:17+00:00,2,6,objazd-gostynska,299,273,26,0
2026-09-02T04:24:17+00:00,2,6,wyjazd-plac20-czmon,621,578,43,0
2026-09-02T04:34:16+00:00,2,6,obwodnica-plac20,331,308,23,0
2026-09-02T04:34:16+00:00,2,6,od-czmonia-plac20,748,682,66,0
2026-09-02T04:34:16+00:00,2,6,od-srody-plac20,574,525,49,0
2026-09-02T04:34:16+00:00,2,6,od-gostynia-staszica,346,318,28,0
2026-09-02T04:34:16+00:00,2,6,od-leszna-most-bp,746,624,122,0
2026-09-02T04:34:16+00:00,2,6,od-czempinia-rondo-ak,637,595,42,0
2026-09-02T04:34:16+00:00,2,6,objazd-gostynska,303,273,30,0
2026-09-02T04:34:16+00:00,2,6,wyjazd-plac20-czmon,629,578,51,0
2026-09-02T04:44:17+00:00,2,6,obwodnica-plac20,215,203,12,0
2026-09-02T04:44:17+00:00,2,6,od-czmonia-plac20,633,577,56,0
2026-09-02T04:44:17+00:00,2,6,od-srody-plac20,461,420,41,0
2026-09-02T04:44:17+00:00,2,6,od-gostynia-staszica,351,318,33,0
2026-09-02T04:44:17+00:00,2,6,od-leszna-most-bp,769,624,145,0
2026-09-02T04:44:17+00:00,2,6,od-czempinia-rondo-ak,641,595,46,0
2026-09-02T04:44:17+00:00,2,6,objazd-gostynska,307,273,34,0
2026-09-02T04:44:17+00:00,2,6,wyjazd-plac20-czmon,633,578,55,0
2026-09-02T04:54:16+00:00,2,6,obwodnica-plac20,217,203,14,0
2026-09-02T04:54:16+00:00,2,6,od-czmonia-plac20,637,577,60,0
2026-09-02T04:54:16+00:00,2,6,od-srody-plac20,466,420,46,0
2026-09-02T04:54:16+00:00,2,6,od-gostynia-staszica,356,318,38,0
2026-09-02T04:54:16+00:00,2,6,od-leszna-most-bp,991,711,280,169
2026-09-02T04:54:16+00:00,2,6,od-czempinia-rondo-ak,571,497,74,0
2026-09-02T04:54:16+00:00,2,6,objazd-gostynska,535,273,262,233
2026-09-02T04:54:16+00:00,2,6,wyjazd-plac20-czmon,703,636,67,0
2026-09-02T05:04:19+00:00,2,7,obwodnica-plac20,214,203,11,0
2026-09-02T05:04:19+00:00,2,7,od-czmonia-plac20,624,577,47,0
2026-09-02T05:04:19+00:00,2,7,od-srody-plac20,461,420,41,0
2026-09-02T05:04:19+00:00,2,7,od-gostynia-staszica,485,318,167,147
2026-09-02T05:04:19+00:00,2,7,od-leszna-most-bp,795,624,171,0
2026-09-02T05:04:19+00:00,2,7,od-czempinia-rondo-ak,634,595,39,0
2026-09-02T05:04:19+00:00,2,7,objazd-gostynska,715,273,442,426
2026-09-02T05:04:19+00:00,2,7,wyjazd-plac20-czmon,631,578,53,0
2026-09-02T05:14:19+00:00,2,7,obwodnica-plac20,218,203,15,0
2026-09-02T05:14:19+00:00,2,7,od-czmonia-plac20,627,577,50,0
2026-09-02T05:14:19+00:00,2,7,od-srody-plac20,465,420,45,0
2026-09-02T05:14:19+00:00,2,7,od-gostynia-staszica,356,318,38,0
2026-09-02T05:14:19+00:00,2,7,od-leszna-most-bp,815,624,191,0
2026-09-02T05:14:19+00:00,2,7,od-czempinia-rondo-ak,576,497,79,0
2026-09-02T05:14:19+00:00,2,7,objazd-gostynska,831,273,558,544
2026-09-02T05:14:19+00:00,2,7,wyjazd-plac20-czmon,635,578,57,0
2026-09-02T05:24:18+00:00,2,7,obwodnica-plac20,220,203,17,0
2026-09-02T05:24:18+00:00,2,7,od-czmonia-plac20,631,577,54,0
2026-09-02T05:24:18+00:00,2,7,od-srody-plac20,469,420,49,0
2026-09-02T05:24:18+00:00,2,7,od-gostynia-staszica,360,318,42,0
2026-09-02T05:24:18+00:00,2,7,od-leszna-most-bp,832,624,208,0
2026-09-02T05:24:18+00:00,2,7,od-czempinia-rondo-ak,584,497,87,0
2026-09-02T05:24:18+00:00,2,7,objazd-gostynska,902,273,629,615
2026-09-02T05:24:18+00:00,2,7,wyjazd-plac20-czmon,637,581,56,0
2026-09-02T05:34:16+00:00,2,7,obwodnica-plac20,223,203,20,0
2026-09-02T05:34:16+00:00,2,7,od-czmonia-plac20,659,618,41,0
2026-09-02T05:34:16+00:00,2,7,od-srody-plac20,473,420,53,0
2026-09-02T05:34:16+00:00,2,7,od-gostynia-staszica,364,318,46,0
2026-09-02T05:34:16+00:00,2,7,od-leszna-most-bp,901,624,277,129
2026-09-02T05:34:16+00:00,2,7,od-czempinia-rondo-ak,649,595,54,0
2026-09-02T05:34:16+00:00,2,7,objazd-gostynska,1017,467,550,519
2026-09-02T05:34:16+00:00,2,7,wyjazd-plac20-czmon,636,581,55,1
2026-09-02T05:44:16+00:00,2,7,obwodnica-plac20,226,203,23,0
2026-09-02T05:44:16+00:00,2,7,od-czmonia-plac20,661,618,43,0
2026-09-02T05:44:16+00:00,2,7,od-srody-plac20,475,420,55,0
2026-09-02T05:44:16+00:00,2,7,od-gostynia-staszica,745,318,427,411
2026-09-02T05:44:16+00:00,2,7,od-leszna-most-bp,1004,711,293,134
2026-09-02T05:44:16+00:00,2,7,od-czempinia-rondo-ak,597,497,100,0
2026-09-02T05:44:16+00:00,2,7,objazd-gostynska,1514,467,1047,1030
2026-09-02T05:44:16+00:00,2,7,wyjazd-plac20-czmon,699,639,60,0
2026-09-02T05:54:15+00:00,2,7,obwodnica-plac20,247,203,44,20
2026-09-02T05:54:15+00:00,2,7,od-czmonia-plac20,664,618,46,0
2026-09-02T05:54:15+00:00,2,7,od-srody-plac20,732,420,312,276
2026-09-02T05:54:15+00:00,2,7,od-gostynia-staszica,993,318,675,659
2026-09-02T05:54:15+00:00,2,7,od-leszna-most-bp,1033,711,322,159
2026-09-02T05:54:15+00:00,2,7,od-czempinia-rondo-ak,658,595,63,0
2026-09-02T05:54:15+00:00,2,7,objazd-gostynska,1297,273,1024,1015
2026-09-02T05:54:15+00:00,2,7,wyjazd-plac20-czmon,719,655,64,4
2026-09-02T06:04:19+00:00,2,8,obwodnica-plac20,232,203,29,0
2026-09-02T06:04:19+00:00,2,8,od-czmonia-plac20,672,618,54,0
2026-09-02T06:04:19+00:00,2,8,od-srody-plac20,482,420,62,0
2026-09-02T06:04:19+00:00,2,8,od-gostynia-staszica,914,318,596,568
2026-09-02T06:04:19+00:00,2,8,od-leszna-most-bp,1192,711,481,296
2026-09-02T06:04:19+00:00,2,8,od-czempinia-rondo-ak,613,497,116,0
2026-09-02T06:04:19+00:00,2,8,objazd-gostynska,1552,377,1175,1163
2026-09-02T06:04:19+00:00,2,8,wyjazd-plac20-czmon,715,639,76,9
2026-09-02T06:14:15+00:00,2,8,obwodnica-plac20,257,203,54,25
2026-09-02T06:14:15+00:00,2,8,od-czmonia-plac20,670,618,52,0
2026-09-02T06:14:15+00:00,2,8,od-srody-plac20,607,420,187,145
2026-09-02T06:14:15+00:00,2,8,od-gostynia-staszica,694,318,376,345
2026-09-02T06:14:15+00:00,2,8,od-leszna-most-bp,1047,711,336,166
2026-09-02T06:14:15+00:00,2,8,od-czempinia-rondo-ak,669,595,74,0
2026-09-02T06:14:15+00:00,2,8,objazd-gostynska,1410,273,1137,1127
2026-09-02T06:14:15+00:00,2,8,wyjazd-plac20-czmon,703,639,64,0
2026-09-02T06:24:17+00:00,2,8,obwodnica-plac20,257,203,54,25
2026-09-02T06:24:17+00:00,2,8,od-czmonia-plac20,669,618,51,0
2026-09-02T06:24:17+00:00,2,8,od-srody-plac20,604,554,50,0
2026-09-02T06:24:17+00:00,2,8,od-gostynia-staszica,373,318,55,0
2026-09-02T06:24:17+00:00,2,8,od-leszna-most-bp,1113,711,402,168
2026-09-02T06:24:17+00:00,2,8,od-czempinia-rondo-ak,667,595,72,0
2026-09-02T06:24:17+00:00,2,8,objazd-gostynska,1405,273,1132,1122
2026-09-02T06:24:17+00:00,2,8,wyjazd-plac20-czmon,701,639,62,0
2026-09-02T06:34:17+00:00,2,8,obwodnica-plac20,247,203,44,16
2026-09-02T06:34:17+00:00,2,8,od-czmonia-plac20,667,618,49,0
2026-09-02T06:34:17+00:00,2,8,od-srody-plac20,588,420,168,131
2026-09-02T06:34:17+00:00,2,8,od-gostynia-staszica,371,318,53,0
2026-09-02T06:34:17+00:00,2,8,od-leszna-most-bp,997,711,286,50
2026-09-02T06:34:17+00:00,2,8,od-czempinia-rondo-ak,667,595,72,0
2026-09-02T06:34:17+00:00,2,8,objazd-gostynska,1565,377,1188,1179
2026-09-02T06:34:17+00:00,2,8,wyjazd-plac20-czmon,699,639,60,0
2026-09-02T06:44:20+00:00,2,8,obwodnica-plac20,231,203,28,0
2026-09-02T06:44:20+00:00,2,8,od-czmonia-plac20,666,618,48,0
2026-09-02T06:44:20+00:00,2,8,od-srody-plac20,472,420,52,0
2026-09-02T06:44:20+00:00,2,8,od-gostynia-staszica,370,318,52,0
2026-09-02T06:44:20+00:00,2,8,od-leszna-most-bp,944,711,233,3
2026-09-02T06:44:20+00:00,2,8,od-czempinia-rondo-ak,666,595,71,0
2026-09-02T06:44:20+00:00,2,8,objazd-gostynska,1108,273,835,826
2026-09-02T06:44:20+00:00,2,8,wyjazd-plac20-czmon,699,639,60,0
2026-09-02T06:54:18+00:00,2,8,obwodnica-plac20,229,203,26,0
2026-09-02T06:54:18+00:00,2,8,od-czmonia-plac20,663,618,45,0
2026-09-02T06:54:18+00:00,2,8,od-srody-plac20,467,420,47,0
2026-09-02T06:54:18+00:00,2,8,od-gostynia-staszica,368,318,50,0
2026-09-02T06:54:18+00:00,2,8,od-leszna-most-bp,937,711,226,2
2026-09-02T06:54:18+00:00,2,8,od-czempinia-rondo-ak,608,497,111,0
2026-09-02T06:54:18+00:00,2,8,objazd-gostynska,1098,273,825,816
2026-09-02T06:54:18+00:00,2,8,wyjazd-plac20-czmon,701,639,62,5
2026-09-02T07:04:17+00:00,2,9,obwodnica-plac20,222,203,19,0
2026-09-02T07:04:17+00:00,2,9,od-czmonia-plac20,652,618,34,0
2026-09-02T07:04:17+00:00,2,9,od-srody-plac20,456,420,36,0
2026-09-02T07:04:17+00:00,2,9,od-gostynia-staszica,361,318,43,0
2026-09-02T07:04:17+00:00,2,9,od-leszna-most-bp,911,711,200,2
2026-09-02T07:04:17+00:00,2,9,od-czempinia-rondo-ak,594,497,97,0
2026-09-02T07:04:17+00:00,2,9,objazd-gostynska,981,273,708,699
2026-09-02T07:04:17+00:00,2,9,wyjazd-plac20-czmon,688,639,49,2
2026-09-02T07:14:19+00:00,2,9,obwodnica-plac20,220,203,17,0
2026-09-02T07:14:19+00:00,2,9,od-czmonia-plac20,625,577,48,0
2026-09-02T07:14:19+00:00,2,9,od-srody-plac20,454,420,34,0
2026-09-02T07:14:19+00:00,2,9,od-gostynia-staszica,360,318,42,0
2026-09-02T07:14:19+00:00,2,9,od-leszna-most-bp,911,711,200,3
2026-09-02T07:14:19+00:00,2,9,od-czempinia-rondo-ak,656,595,61,0
2026-09-02T07:14:19+00:00,2,9,objazd-gostynska,917,273,644,622
2026-09-02T07:14:19+00:00,2,9,wyjazd-plac20-czmon,685,639,46,0
2026-09-02T07:24:18+00:00,2,9,obwodnica-plac20,218,203,15,0
2026-09-02T07:24:18+00:00,2,9,od-czmonia-plac20,623,577,46,0
2026-09-02T07:24:18+00:00,2,9,od-srody-plac20,452,420,32,0
2026-09-02T07:24:18+00:00,2,9,od-gostynia-staszica,360,318,42,0
2026-09-02T07:24:18+00:00,2,9,od-leszna-most-bp,815,624,191,0
2026-09-02T07:24:18+00:00,2,9,od-czempinia-rondo-ak,656,595,61,0
2026-09-02T07:24:18+00:00,2,9,objazd-gostynska,662,273,389,366
2026-09-02T07:24:18+00:00,2,9,wyjazd-plac20-czmon,621,581,40,0
2026-09-02T07:34:16+00:00,2,9,obwodnica-plac20,217,203,14,0
2026-09-02T07:34:16+00:00,2,9,od-czmonia-plac20,622,577,45,0
2026-09-02T07:34:16+00:00,2,9,od-srody-plac20,450,420,30,0
2026-09-02T07:34:16+00:00,2,9,od-gostynia-staszica,359,318,41,0
2026-09-02T07:34:16+00:00,2,9,od-leszna-most-bp,813,624,189,0
2026-09-02T07:34:16+00:00,2,9,od-czempinia-rondo-ak,656,595,61,0
2026-09-02T07:34:16+00:00,2,9,objazd-gostynska,675,273,402,386
2026-09-02T07:34:16+00:00,2,9,wyjazd-plac20-czmon,620,581,39,0
2026-09-02T07:44:18+00:00,2,9,obwodnica-plac20,216,203,13,0
2026-09-02T07:44:18+00:00,2,9,od-czmonia-plac20,621,577,44,0
2026-09-02T07:44:18+00:00,2,9,od-srody-plac20,449,420,29,0
2026-09-02T07:44:18+00:00,2,9,od-gostynia-staszica,360,318,42,0
2026-09-02T07:44:18+00:00,2,9,od-leszna-most-bp,812,624,188,0
2026-09-02T07:44:18+00:00,2,9,od-czempinia-rondo-ak,593,497,96,0
2026-09-02T07:44:18+00:00,2,9,objazd-gostynska,758,273,485,461
2026-09-02T07:44:18+00:00,2,9,wyjazd-plac20-czmon,621,581,40,0
2026-09-02T07:54:16+00:00,2,9,obwodnica-plac20,215,203,12,0
2026-09-02T07:54:16+00:00,2,9,od-czmonia-plac20,620,577,43,0
2026-09-02T07:54:16+00:00,2,9,od-srody-plac20,449,420,29,0
2026-09-02T07:54:16+00:00,2,9,od-gostynia-staszica,360,318,42,0
2026-09-02T07:54:16+00:00,2,9,od-leszna-most-bp,981,624,357,239
2026-09-02T07:54:16+00:00,2,9,od-czempinia-rondo-ak,628,497,131,37
2026-09-02T07:54:16+00:00,2,9,objazd-gostynska,700,273,427,411
2026-09-02T07:54:16+00:00,2,9,wyjazd-plac20-czmon,621,581,40,0
2026-09-02T08:08:11+00:00,2,10,obwodnica-plac20,214,203,11,0
2026-09-02T08:08:11+00:00,2,10,od-czmonia-plac20,618,577,41,0
2026-09-02T08:08:11+00:00,2,10,od-srody-plac20,447,420,27,0
2026-09-02T08:08:11+00:00,2,10,od-gostynia-staszica,359,318,41,0
2026-09-02T08:08:11+00:00,2,10,od-leszna-most-bp,900,624,276,160
2026-09-02T08:08:11+00:00,2,10,od-czempinia-rondo-ak,659,595,64,0
2026-09-02T08:08:11+00:00,2,10,objazd-gostynska,699,273,426,403
2026-09-02T08:08:11+00:00,2,10,wyjazd-plac20-czmon,619,581,38,0
2026-09-02T08:12:19+00:00,2,10,obwodnica-plac20,214,203,11,0
2026-09-02T08:12:19+00:00,2,10,od-czmonia-plac20,618,577,41,0
2026-09-02T08:12:19+00:00,2,10,od-srody-plac20,447,420,27,0
2026-09-02T08:12:19+00:00,2,10,od-gostynia-staszica,359,318,41,0
2026-09-02T08:12:19+00:00,2,10,od-leszna-most-bp,875,624,251,128
2026-09-02T08:12:19+00:00,2,10,od-czempinia-rondo-ak,659,595,64,0
2026-09-02T08:12:19+00:00,2,10,objazd-gostynska,614,273,341,314
2026-09-02T08:12:19+00:00,2,10,wyjazd-plac20-czmon,619,581,38,0
2026-09-02T08:42:16+00:00,2,10,obwodnica-plac20,214,203,11,0
2026-09-02T08:42:16+00:00,2,10,od-czmonia-plac20,616,577,39,0
2026-09-02T08:42:16+00:00,2,10,od-srody-plac20,446,420,26,0
2026-09-02T08:42:16+00:00,2,10,od-gostynia-staszica,360,318,42,0
2026-09-02T08:42:16+00:00,2,10,od-leszna-most-bp,878,624,254,128
2026-09-02T08:42:16+00:00,2,10,od-czempinia-rondo-ak,663,595,68,0
2026-09-02T08:42:16+00:00,2,10,objazd-gostynska,314,273,41,0
2026-09-02T08:42:16+00:00,2,10,wyjazd-plac20-czmon,619,581,38,0
2026-09-02T09:12:19+00:00,2,11,obwodnica-plac20,215,203,12,0
2026-09-02T09:12:19+00:00,2,11,od-czmonia-plac20,616,577,39,0
2026-09-02T09:12:19+00:00,2,11,od-srody-plac20,447,420,27,0
2026-09-02T09:12:19+00:00,2,11,od-gostynia-staszica,362,318,44,0
2026-09-02T09:12:19+00:00,2,11,od-leszna-most-bp,812,624,188,0
2026-09-02T09:12:19+00:00,2,11,od-czempinia-rondo-ak,667,595,72,0
2026-09-02T09:12:19+00:00,2,11,objazd-gostynska,317,273,44,0
2026-09-02T09:12:19+00:00,2,11,wyjazd-plac20-czmon,620,581,39,0
2026-09-02T09:42:18+00:00,2,11,obwodnica-plac20,215,203,12,0
2026-09-02T09:42:18+00:00,2,11,od-czmonia-plac20,617,577,40,0
2026-09-02T09:42:18+00:00,2,11,od-srody-plac20,447,420,27,0
2026-09-02T09:42:18+00:00,2,11,od-gostynia-staszica,364,318,46,0
2026-09-02T09:42:18+00:00,2,11,od-leszna-most-bp,815,624,191,0
2026-09-02T09:42:18+00:00,2,11,od-czempinia-rondo-ak,595,497,98,0
2026-09-02T09:42:18+00:00,2,11,objazd-gostynska,320,273,47,0
2026-09-02T09:42:18+00:00,2,11,wyjazd-plac20-czmon,620,581,39,0
2026-09-02T10:12:18+00:00,2,12,obwodnica-plac20,215,203,12,0
2026-09-02T10:12:18+00:00,2,12,od-czmonia-plac20,614,577,37,0
2026-09-02T10:12:18+00:00,2,12,od-srody-plac20,445,420,25,0
2026-09-02T10:12:18+00:00,2,12,od-gostynia-staszica,365,318,47,0
2026-09-02T10:12:18+00:00,2,12,od-leszna-most-bp,820,624,196,0
2026-09-02T10:12:18+00:00,2,12,od-czempinia-rondo-ak,671,595,76,0
2026-09-02T10:12:18+00:00,2,12,objazd-gostynska,477,273,204,172
2026-09-02T10:12:18+00:00,2,12,wyjazd-plac20-czmon,618,581,37,0
2026-09-02T10:42:16+00:00,2,12,obwodnica-plac20,215,203,12,0
2026-09-02T10:42:16+00:00,2,12,od-czmonia-plac20,614,577,37,0
2026-09-02T10:42:16+00:00,2,12,od-srody-plac20,445,420,25,0
2026-09-02T10:42:16+00:00,2,12,od-gostynia-staszica,366,318,48,0
2026-09-02T10:42:16+00:00,2,12,od-leszna-most-bp,820,624,196,0
2026-09-02T10:42:16+00:00,2,12,od-czempinia-rondo-ak,671,595,76,0
2026-09-02T10:42:16+00:00,2,12,objazd-gostynska,324,273,51,0
2026-09-02T10:42:16+00:00,2,12,wyjazd-plac20-czmon,617,581,36,0
2026-09-02T10:52:16+00:00,2,12,obwodnica-plac20,215,203,12,0
2026-09-02T10:52:16+00:00,2,12,od-czmonia-plac20,614,577,37,0
2026-09-02T10:52:16+00:00,2,12,od-srody-plac20,446,420,26,0
2026-09-02T10:52:16+00:00,2,12,od-gostynia-staszica,367,318,49,0
2026-09-02T10:52:16+00:00,2,12,od-leszna-most-bp,888,624,264,128
2026-09-02T10:52:16+00:00,2,12,od-czempinia-rondo-ak,595,497,98,0
2026-09-02T10:52:16+00:00,2,12,objazd-gostynska,325,273,52,0
2026-09-02T10:52:16+00:00,2,12,wyjazd-plac20-czmon,618,581,37,0
2026-09-02T11:12:19+00:00,2,13,obwodnica-plac20,217,203,14,0
2026-09-02T11:12:19+00:00,2,13,od-czmonia-plac20,620,577,43,0
2026-09-02T11:12:19+00:00,2,13,od-srody-plac20,450,420,30,0
2026-09-02T11:12:19+00:00,2,13,od-gostynia-staszica,371,318,53,0
2026-09-02T11:12:19+00:00,2,13,od-leszna-most-bp,827,624,203,0
2026-09-02T11:12:19+00:00,2,13,od-czempinia-rondo-ak,678,595,83,0
2026-09-02T11:12:19+00:00,2,13,objazd-gostynska,328,273,55,0
2026-09-02T11:12:19+00:00,2,13,wyjazd-plac20-czmon,624,581,43,0
2026-09-02T11:32:16+00:00,2,13,obwodnica-plac20,217,203,14,0
2026-09-02T11:32:16+00:00,2,13,od-czmonia-plac20,621,577,44,0
2026-09-02T11:32:16+00:00,2,13,od-srody-plac20,450,420,30,0
2026-09-02T11:32:16+00:00,2,13,od-gostynia-staszica,372,318,54,0
2026-09-02T11:32:16+00:00,2,13,od-leszna-most-bp,832,624,208,0
2026-09-02T11:32:16+00:00,2,13,od-czempinia-rondo-ak,681,595,86,0
2026-09-02T11:32:16+00:00,2,13,objazd-gostynska,331,273,58,0
2026-09-02T11:32:16+00:00,2,13,wyjazd-plac20-czmon,624,581,43,0
2026-09-02T11:52:17+00:00,2,13,obwodnica-plac20,218,203,15,0
2026-09-02T11:52:17+00:00,2,13,od-czmonia-plac20,622,577,45,0
2026-09-02T11:52:17+00:00,2,13,od-srody-plac20,452,420,32,0
2026-09-02T11:52:17+00:00,2,13,od-gostynia-staszica,376,318,58,0
2026-09-02T11:52:17+00:00,2,13,od-leszna-most-bp,840,624,216,0
2026-09-02T11:52:17+00:00,2,13,od-czempinia-rondo-ak,684,595,89,0
2026-09-02T11:52:17+00:00,2,13,objazd-gostynska,335,273,62,0
2026-09-02T11:52:17+00:00,2,13,wyjazd-plac20-czmon,626,581,45,0
2026-09-02T12:04:18+00:00,2,14,obwodnica-plac20,219,203,16,0
2026-09-02T12:04:18+00:00,2,14,od-czmonia-plac20,625,577,48,0
2026-09-02T12:04:18+00:00,2,14,od-srody-plac20,454,420,34,0
2026-09-02T12:04:18+00:00,2,14,od-gostynia-staszica,379,318,61,0
2026-09-02T12:04:18+00:00,2,14,od-leszna-most-bp,844,624,220,0
2026-09-02T12:04:18+00:00,2,14,od-czempinia-rondo-ak,648,497,151,41
2026-09-02T12:04:18+00:00,2,14,objazd-gostynska,879,273,606,587
2026-09-02T12:04:18+00:00,2,14,wyjazd-plac20-czmon,629,581,48,0
2026-09-02T12:14:19+00:00,2,14,obwodnica-plac20,220,203,17,0
2026-09-02T12:14:19+00:00,2,14,od-czmonia-plac20,627,577,50,0
2026-09-02T12:14:19+00:00,2,14,od-srody-plac20,456,420,36,0
2026-09-02T12:14:19+00:00,2,14,od-gostynia-staszica,848,318,530,511
2026-09-02T12:14:19+00:00,2,14,od-leszna-most-bp,947,711,236,0
2026-09-02T12:14:19+00:00,2,14,od-czempinia-rondo-ak,694,595,99,0
2026-09-02T12:14:19+00:00,2,14,objazd-gostynska,1137,273,864,859
2026-09-02T12:14:19+00:00,2,14,wyjazd-plac20-czmon,691,639,52,0
2026-09-02T12:24:16+00:00,2,14,obwodnica-plac20,265,203,62,45
2026-09-02T12:24:16+00:00,2,14,od-czmonia-plac20,652,618,34,0
2026-09-02T12:24:16+00:00,2,14,od-srody-plac20,582,554,28,0
2026-09-02T12:24:16+00:00,2,14,od-gostynia-staszica,700,318,382,351
2026-09-02T12:24:16+00:00,2,14,od-leszna-most-bp,1034,624,410,181
2026-09-02T12:24:16+00:00,2,14,od-czempinia-rondo-ak,696,595,101,0
2026-09-02T12:24:16+00:00,2,14,objazd-gostynska,1436,273,1163,1147
2026-09-02T12:24:16+00:00,2,14,wyjazd-plac20-czmon,691,639,52,0
2026-09-02T12:34:18+00:00,2,14,obwodnica-plac20,237,203,34,16
2026-09-02T12:34:18+00:00,2,14,od-czmonia-plac20,652,618,34,0
2026-09-02T12:34:18+00:00,2,14,od-srody-plac20,583,554,29,0
2026-09-02T12:34:18+00:00,2,14,od-gostynia-staszica,390,318,72,0
2026-09-02T12:34:18+00:00,2,14,od-leszna-most-bp,987,624,363,128
2026-09-02T12:34:18+00:00,2,14,od-czempinia-rondo-ak,700,595,105,0
2026-09-02T12:34:18+00:00,2,14,objazd-gostynska,1335,377,958,940
2026-09-02T12:34:18+00:00,2,14,wyjazd-plac20-czmon,691,639,52,0
2026-09-02T12:44:19+00:00,2,14,obwodnica-plac20,241,203,38,20
2026-09-02T12:44:19+00:00,2,14,od-czmonia-plac20,653,618,35,0
2026-09-02T12:44:19+00:00,2,14,od-srody-plac20,629,420,209,180
2026-09-02T12:44:19+00:00,2,14,od-gostynia-staszica,393,318,75,0
2026-09-02T12:44:19+00:00,2,14,od-leszna-most-bp,988,711,277,28
2026-09-02T12:44:19+00:00,2,14,od-czempinia-rondo-ak,703,595,108,0
2026-09-02T12:44:19+00:00,2,14,objazd-gostynska,1531,377,1154,1096
2026-09-02T12:44:19+00:00,2,14,wyjazd-plac20-czmon,691,639,52,0
2026-09-02T12:54:17+00:00,2,14,obwodnica-plac20,292,203,89,70
2026-09-02T12:54:17+00:00,2,14,od-czmonia-plac20,653,618,35,0
2026-09-02T12:54:17+00:00,2,14,od-srody-plac20,584,554,30,0
2026-09-02T12:54:17+00:00,2,14,od-gostynia-staszica,396,318,78,0
2026-09-02T12:54:17+00:00,2,14,od-leszna-most-bp,1039,711,328,76
2026-09-02T12:54:17+00:00,2,14,od-czempinia-rondo-ak,618,497,121,0
2026-09-02T12:54:17+00:00,2,14,objazd-gostynska,1223,377,846,782
2026-09-02T12:54:17+00:00,2,14,wyjazd-plac20-czmon,692,639,53,0
2026-09-02T13:04:18+00:00,2,15,obwodnica-plac20,231,203,28,8
2026-09-02T13:04:18+00:00,2,15,od-czmonia-plac20,656,618,38,0
2026-09-02T13:04:18+00:00,2,15,od-srody-plac20,554,420,134,104
2026-09-02T13:04:18+00:00,2,15,od-gostynia-staszica,406,318,88,0
2026-09-02T13:04:18+00:00,2,15,od-leszna-most-bp,978,711,267,10
2026-09-02T13:04:18+00:00,2,15,od-czempinia-rondo-ak,630,497,133,0
2026-09-02T13:04:18+00:00,2,15,objazd-gostynska,795,273,522,463
2026-09-02T13:04:18+00:00,2,15,wyjazd-plac20-czmon,692,639,53,0
2026-09-02T13:14:18+00:00,2,15,obwodnica-plac20,225,203,22,0
2026-09-02T13:14:18+00:00,2,15,od-czmonia-plac20,657,618,39,0
2026-09-02T13:14:18+00:00,2,15,od-srody-plac20,465,420,45,0
2026-09-02T13:14:18+00:00,2,15,od-gostynia-staszica,497,318,179,109
2026-09-02T13:14:18+00:00,2,15,od-leszna-most-bp,1056,711,345,139
2026-09-02T13:14:18+00:00,2,15,od-czempinia-rondo-ak,718,595,123,0
2026-09-02T13:14:18+00:00,2,15,objazd-gostynska,1003,273,730,680
2026-09-02T13:14:18+00:00,2,15,wyjazd-plac20-czmon,711,655,56,0
2026-09-02T13:24:23+00:00,2,15,obwodnica-plac20,250,203,47,25
2026-09-02T13:24:23+00:00,2,15,od-czmonia-plac20,658,618,40,0
2026-09-02T13:24:23+00:00,2,15,od-srody-plac20,789,420,369,338
2026-09-02T13:24:23+00:00,2,15,od-gostynia-staszica,409,318,91,0
2026-09-02T13:24:23+00:00,2,15,od-leszna-most-bp,1195,954,241,28
2026-09-02T13:24:23+00:00,2,15,od-czempinia-rondo-ak,719,595,124,0
2026-09-02T13:24:23+00:00,2,15,objazd-gostynska,1224,273,951,929
2026-09-02T13:24:23+00:00,2,15,wyjazd-plac20-czmon,716,655,61,5
2026-09-02T13:34:18+00:00,2,15,obwodnica-plac20,239,203,36,14
2026-09-02T13:34:18+00:00,2,15,od-czmonia-plac20,658,618,40,0
2026-09-02T13:34:18+00:00,2,15,od-srody-plac20,564,420,144,112
2026-09-02T13:34:18+00:00,2,15,od-gostynia-staszica,677,318,359,315
2026-09-02T13:34:18+00:00,2,15,od-leszna-most-bp,1106,711,395,195
2026-09-02T13:34:18+00:00,2,15,od-czempinia-rondo-ak,721,595,126,0
2026-09-02T13:34:18+00:00,2,15,objazd-gostynska,1189,377,812,738
2026-09-02T13:34:18+00:00,2,15,wyjazd-plac20-czmon,698,639,59,0
2026-09-02T13:44:17+00:00,2,15,obwodnica-plac20,259,203,56,32
2026-09-02T13:44:17+00:00,2,15,od-czmonia-plac20,659,618,41,0
2026-09-02T13:44:17+00:00,2,15,od-srody-plac20,700,420,280,248
2026-09-02T13:44:17+00:00,2,15,od-gostynia-staszica,611,318,293,237
2026-09-02T13:44:17+00:00,2,15,od-leszna-most-bp,1208,954,254,36
2026-09-02T13:44:17+00:00,2,15,od-czempinia-rondo-ak,722,595,127,0
2026-09-02T13:44:17+00:00,2,15,objazd-gostynska,1208,273,935,860
2026-09-02T13:44:17+00:00,2,15,wyjazd-plac20-czmon,718,655,63,6
2026-09-02T13:54:22+00:00,2,15,obwodnica-plac20,235,203,32,8
2026-09-02T13:54:22+00:00,2,15,od-czmonia-plac20,659,618,41,0
2026-09-02T13:54:22+00:00,2,15,od-srody-plac20,704,420,284,254
2026-09-02T13:54:22+00:00,2,15,od-gostynia-staszica,838,318,520,478
2026-09-02T13:54:22+00:00,2,15,od-leszna-most-bp,1255,756,499,279
2026-09-02T13:54:22+00:00,2,15,od-czempinia-rondo-ak,724,595,129,0
2026-09-02T13:54:22+00:00,2,15,objazd-gostynska,1095,273,822,797
2026-09-02T13:54:22+00:00,2,15,wyjazd-plac20-czmon,955,703,252,191
2026-09-02T14:04:17+00:00,2,16,obwodnica-plac20,227,203,24,0
2026-09-02T14:04:17+00:00,2,16,od-czmonia-plac20,659,618,41,0
2026-09-02T14:04:17+00:00,2,16,od-srody-plac20,465,420,45,0
2026-09-02T14:04:17+00:00,2,16,od-gostynia-staszica,417,318,99,0
2026-09-02T14:04:17+00:00,2,16,od-leszna-most-bp,1008,711,297,3
2026-09-02T14:04:17+00:00,2,16,od-czempinia-rondo-ak,725,595,130,0
2026-09-02T14:04:17+00:00,2,16,objazd-gostynska,910,273,637,609
2026-09-02T14:04:17+00:00,2,16,wyjazd-plac20-czmon,713,639,74,15
2026-09-02T14:14:20+00:00,2,16,obwodnica-plac20,227,203,24,0
2026-09-02T14:14:20+00:00,2,16,od-czmonia-plac20,658,618,40,0
2026-09-02T14:14:20+00:00,2,16,od-srody-plac20,465,420,45,0
2026-09-02T14:14:20+00:00,2,16,od-gostynia-staszica,799,318,481,454
2026-09-02T14:14:20+00:00,2,16,od-leszna-most-bp,1063,711,352,134
2026-09-02T14:14:20+00:00,2,16,od-czempinia-rondo-ak,636,497,139,0
2026-09-02T14:14:20+00:00,2,16,objazd-gostynska,1398,273,1125,1102
2026-09-02T14:14:20+00:00,2,16,wyjazd-plac20-czmon,712,655,57,0
2026-09-02T14:24:17+00:00,2,16,obwodnica-plac20,227,203,24,0
2026-09-02T14:24:17+00:00,2,16,od-czmonia-plac20,658,618,40,0
2026-09-02T14:24:17+00:00,2,16,od-srody-plac20,465,420,45,0
2026-09-02T14:24:17+00:00,2,16,od-gostynia-staszica,804,318,486,459
2026-09-02T14:24:17+00:00,2,16,od-leszna-most-bp,1064,711,353,139
2026-09-02T14:24:17+00:00,2,16,od-czempinia-rondo-ak,723,595,128,0
2026-09-02T14:24:17+00:00,2,16,objazd-gostynska,1258,377,881,851
2026-09-02T14:24:17+00:00,2,16,wyjazd-plac20-czmon,712,655,57,0
2026-09-02T14:34:18+00:00,2,16,obwodnica-plac20,271,203,68,45
2026-09-02T14:34:18+00:00,2,16,od-czmonia-plac20,658,618,40,0
2026-09-02T14:34:18+00:00,2,16,od-srody-plac20,589,420,169,134
2026-09-02T14:34:18+00:00,2,16,od-gostynia-staszica,412,318,94,0
2026-09-02T14:34:18+00:00,2,16,od-leszna-most-bp,1045,711,334,49
2026-09-02T14:34:18+00:00,2,16,od-czempinia-rondo-ak,632,497,135,0
2026-09-02T14:34:18+00:00,2,16,objazd-gostynska,1440,273,1167,1147
2026-09-02T14:34:18+00:00,2,16,wyjazd-plac20-czmon,714,639,75,15
2026-09-02T14:44:17+00:00,2,16,obwodnica-plac20,226,203,23,0
2026-09-02T14:44:17+00:00,2,16,od-czmonia-plac20,657,618,39,0
2026-09-02T14:44:17+00:00,2,16,od-srody-plac20,463,420,43,0
2026-09-02T14:44:17+00:00,2,16,od-gostynia-staszica,409,318,91,0
2026-09-02T14:44:17+00:00,2,16,od-leszna-most-bp,994,711,283,3
2026-09-02T14:44:17+00:00,2,16,od-czempinia-rondo-ak,670,497,173,47
2026-09-02T14:44:17+00:00,2,16,objazd-gostynska,1285,273,1012,992
2026-09-02T14:44:17+00:00,2,16,wyjazd-plac20-czmon,708,639,69,9
2026-09-02T14:54:19+00:00,2,16,obwodnica-plac20,225,203,22,0
2026-09-02T14:54:19+00:00,2,16,od-czmonia-plac20,656,618,38,0
2026-09-02T14:54:19+00:00,2,16,od-srody-plac20,462,420,42,0
2026-09-02T14:54:19+00:00,2,16,od-gostynia-staszica,405,318,87,0
2026-09-02T14:54:19+00:00,2,16,od-leszna-most-bp,990,711,279,4
2026-09-02T14:54:19+00:00,2,16,od-czempinia-rondo-ak,627,497,130,0
2026-09-02T14:54:19+00:00,2,16,objazd-gostynska,1393,273,1120,1102
2026-09-02T14:54:19+00:00,2,16,wyjazd-plac20-czmon,699,639,60,0
2026-09-02T15:04:17+00:00,2,17,obwodnica-plac20,221,203,18,0
2026-09-02T15:04:17+00:00,2,17,od-czmonia-plac20,648,618,30,0
2026-09-02T15:04:17+00:00,2,17,od-srody-plac20,453,420,33,0
2026-09-02T15:04:17+00:00,2,17,od-gostynia-staszica,389,318,71,0
2026-09-02T15:04:17+00:00,2,17,od-leszna-most-bp,949,711,238,5
2026-09-02T15:04:17+00:00,2,17,od-czempinia-rondo-ak,693,595,98,0
2026-09-02T15:04:17+00:00,2,17,objazd-gostynska,1223,377,846,802
2026-09-02T15:04:17+00:00,2,17,wyjazd-plac20-czmon,688,639,49,0
2026-09-02T15:14:16+00:00,2,17,obwodnica-plac20,220,203,17,0
2026-09-02T15:14:16+00:00,2,17,od-czmonia-plac20,647,618,29,0
2026-09-02T15:14:16+00:00,2,17,od-srody-plac20,452,420,32,0
2026-09-02T15:14:16+00:00,2,17,od-gostynia-staszica,385,318,67,0
2026-09-02T15:14:16+00:00,2,17,od-leszna-most-bp,940,711,229,5
2026-09-02T15:14:16+00:00,2,17,od-czempinia-rondo-ak,687,595,92,0
2026-09-02T15:14:16+00:00,2,17,objazd-gostynska,1210,377,833,790
2026-09-02T15:14:16+00:00,2,17,wyjazd-plac20-czmon,686,639,47,0
2026-09-02T15:24:20+00:00,2,17,obwodnica-plac20,243,203,40,25
2026-09-02T15:24:20+00:00,2,17,od-czmonia-plac20,645,618,27,0
2026-09-02T15:24:20+00:00,2,17,od-srody-plac20,633,420,213,193
2026-09-02T15:24:20+00:00,2,17,od-gostynia-staszica,381,318,63,0
2026-09-02T15:24:20+00:00,2,17,od-leszna-most-bp,954,711,243,28
2026-09-02T15:24:20+00:00,2,17,od-czempinia-rondo-ak,664,497,167,72
2026-09-02T15:24:20+00:00,2,17,objazd-gostynska,1010,273,737,716
2026-09-02T15:24:20+00:00,2,17,wyjazd-plac20-czmon,685,639,46,0
2026-09-02T15:34:19+00:00,2,17,obwodnica-plac20,231,203,28,14
2026-09-02T15:34:19+00:00,2,17,od-czmonia-plac20,615,577,38,0
2026-09-02T15:34:19+00:00,2,17,od-srody-plac20,621,420,201,182
2026-09-02T15:34:19+00:00,2,17,od-gostynia-staszica,377,318,59,0
2026-09-02T15:34:19+00:00,2,17,od-leszna-most-bp,834,624,210,1
2026-09-02T15:34:19+00:00,2,17,od-czempinia-rondo-ak,593,497,96,0
2026-09-02T15:34:19+00:00,2,17,objazd-gostynska,970,273,697,670
2026-09-02T15:34:19+00:00,2,17,wyjazd-plac20-czmon,628,581,47,5
2026-09-02T15:44:16+00:00,2,17,obwodnica-plac20,216,203,13,0
2026-09-02T15:44:16+00:00,2,17,od-czmonia-plac20,612,577,35,0
2026-09-02T15:44:16+00:00,2,17,od-srody-plac20,445,420,25,0
2026-09-02T15:44:16+00:00,2,17,od-gostynia-staszica,372,318,54,0
2026-09-02T15:44:16+00:00,2,17,od-leszna-most-bp,822,624,198,0
2026-09-02T15:44:16+00:00,2,17,od-czempinia-rondo-ak,657,497,160,72
2026-09-02T15:44:16+00:00,2,17,objazd-gostynska,723,273,450,408
2026-09-02T15:44:16+00:00,2,17,wyjazd-plac20-czmon,620,581,39,0
2026-09-02T15:54:18+00:00,2,17,obwodnica-plac20,215,203,12,0
2026-09-02T15:54:18+00:00,2,17,od-czmonia-plac20,610,577,33,0
2026-09-02T15:54:18+00:00,2,17,od-srody-plac20,444,420,24,0
2026-09-02T15:54:18+00:00,2,17,od-gostynia-staszica,367,318,49,0
2026-09-02T15:54:18+00:00,2,17,od-leszna-most-bp,809,624,185,0
2026-09-02T15:54:18+00:00,2,17,od-czempinia-rondo-ak,582,497,85,0
2026-09-02T15:54:18+00:00,2,17,objazd-gostynska,800,273,527,513
2026-09-02T15:54:18+00:00,2,17,wyjazd-plac20-czmon,619,581,38,0
2026-09-02T16:12:17+00:00,2,18,obwodnica-plac20,211,203,8,0
2026-09-02T16:12:17+00:00,2,18,od-czmonia-plac20,596,577,19,0
2026-09-02T16:12:17+00:00,2,18,od-srody-plac20,435,420,15,0
2026-09-02T16:12:17+00:00,2,18,od-gostynia-staszica,352,318,34,0
2026-09-02T16:12:17+00:00,2,18,od-leszna-most-bp,758,624,134,0
2026-09-02T16:12:17+00:00,2,18,od-czempinia-rondo-ak,561,497,64,0
2026-09-02T16:12:17+00:00,2,18,objazd-gostynska,572,273,299,274
2026-09-02T16:12:17+00:00,2,18,wyjazd-plac20-czmon,604,581,23,0
2026-09-02T16:32:17+00:00,2,18,obwodnica-plac20,209,203,6,0
2026-09-02T16:32:17+00:00,2,18,od-czmonia-plac20,594,577,17,0
2026-09-02T16:32:17+00:00,2,18,od-srody-plac20,433,420,13,0
2026-09-02T16:32:17+00:00,2,18,od-gostynia-staszica,347,318,29,0
2026-09-02T16:32:17+00:00,2,18,od-leszna-most-bp,745,624,121,0
2026-09-02T16:32:17+00:00,2,18,od-czempinia-rondo-ak,638,595,43,0
2026-09-02T16:32:17+00:00,2,18,objazd-gostynska,309,273,36,0
2026-09-02T16:32:17+00:00,2,18,wyjazd-plac20-czmon,601,581,20,0
2026-09-02T16:52:19+00:00,2,18,obwodnica-plac20,207,203,4,0
2026-09-02T16:52:19+00:00,2,18,od-czmonia-plac20,587,577,10,0
2026-09-02T16:52:19+00:00,2,18,od-srody-plac20,429,420,9,0
2026-09-02T16:52:19+00:00,2,18,od-gostynia-staszica,341,318,23,0
2026-09-02T16:52:19+00:00,2,18,od-leszna-most-bp,729,624,105,0
2026-09-02T16:52:19+00:00,2,18,od-czempinia-rondo-ak,630,595,35,0
2026-09-02T16:52:19+00:00,2,18,objazd-gostynska,301,273,28,0
2026-09-02T16:52:19+00:00,2,18,wyjazd-plac20-czmon,593,581,12,0
2026-09-02T17:12:17+00:00,2,19,obwodnica-plac20,208,203,5,0
2026-09-02T17:12:17+00:00,2,19,od-czmonia-plac20,589,577,12,0
2026-09-02T17:12:17+00:00,2,19,od-srody-plac20,430,420,10,0
2026-09-02T17:12:17+00:00,2,19,od-gostynia-staszica,342,318,24,0
2026-09-02T17:12:17+00:00,2,19,od-leszna-most-bp,721,624,97,0
2026-09-02T17:12:17+00:00,2,19,od-czempinia-rondo-ak,545,497,48,0
2026-09-02T17:12:17+00:00,2,19,objazd-gostynska,300,273,27,0
2026-09-02T17:12:17+00:00,2,19,wyjazd-plac20-czmon,596,581,15,0
2026-09-02T17:32:19+00:00,2,19,obwodnica-plac20,206,203,3,0
2026-09-02T17:32:19+00:00,2,19,od-czmonia-plac20,585,577,8,0
2026-09-02T17:32:19+00:00,2,19,od-srody-plac20,427,420,7,0
2026-09-02T17:32:19+00:00,2,19,od-gostynia-staszica,337,318,19,0
2026-09-02T17:32:19+00:00,2,19,od-leszna-most-bp,705,624,81,0
2026-09-02T17:32:19+00:00,2,19,od-czempinia-rondo-ak,597,497,100,61
2026-09-02T17:32:19+00:00,2,19,objazd-gostynska,296,273,23,0
2026-09-02T17:32:19+00:00,2,19,wyjazd-plac20-czmon,593,581,12,0
2026-09-02T17:52:17+00:00,2,19,obwodnica-plac20,206,203,3,0
2026-09-02T17:52:17+00:00,2,19,od-czmonia-plac20,584,577,7,0
2026-09-02T17:52:17+00:00,2,19,od-srody-plac20,426,420,6,0
2026-09-02T17:52:17+00:00,2,19,od-gostynia-staszica,333,318,15,0
2026-09-02T17:52:17+00:00,2,19,od-leszna-most-bp,691,624,67,0
2026-09-02T17:52:17+00:00,2,19,od-czempinia-rondo-ak,566,497,69,37
2026-09-02T17:52:17+00:00,2,19,objazd-gostynska,291,273,18,0
2026-09-02T17:52:17+00:00,2,19,wyjazd-plac20-czmon,591,581,10,0
2026-09-03T04:04:36+00:00,3,6,obwodnica-plac20,211,203,8,0
2026-09-03T04:04:36+00:00,3,6,od-czmonia-plac20,617,577,40,0
2026-09-03T04:04:36+00:00,3,6,od-srody-plac20,441,420,21,0
2026-09-03T04:04:36+00:00,3,6,od-gostynia-staszica,335,318,17,0
2026-09-03T04:04:36+00:00,3,6,od-leszna-most-bp,698,624,74,0
2026-09-03T04:04:36+00:00,3,6,od-czempinia-rondo-ak,630,595,35,0
2026-09-03T04:04:36+00:00,3,6,objazd-gostynska,297,273,24,0
2026-09-03T04:04:36+00:00,3,6,wyjazd-plac20-czmon,612,578,34,0
2026-09-03T04:14:17+00:00,3,6,obwodnica-plac20,211,203,8,0
2026-09-03T04:14:17+00:00,3,6,od-czmonia-plac20,621,577,44,0
2026-09-03T04:14:17+00:00,3,6,od-srody-plac20,445,420,25,0
2026-09-03T04:14:17+00:00,3,6,od-gostynia-staszica,337,318,19,0
2026-09-03T04:14:17+00:00,3,6,od-leszna-most-bp,708,624,84,0
2026-09-03T04:14:17+00:00,3,6,od-czempinia-rondo-ak,590,497,93,47
2026-09-03T04:14:17+00:00,3,6,objazd-gostynska,299,273,26,0
2026-09-03T04:14:17+00:00,3,6,wyjazd-plac20-czmon,617,578,39,0
2026-09-03T04:24:17+00:00,3,6,obwodnica-plac20,212,203,9,0
2026-09-03T04:24:17+00:00,3,6,od-czmonia-plac20,623,577,46,0
2026-09-03T04:24:17+00:00,3,6,od-srody-plac20,448,420,28,0
2026-09-03T04:24:17+00:00,3,6,od-gostynia-staszica,340,318,22,0
2026-09-03T04:24:17+00:00,3,6,od-leszna-most-bp,720,624,96,0
2026-09-03T04:24:17+00:00,3,6,od-czempinia-rondo-ak,550,497,53,0
2026-09-03T04:24:17+00:00,3,6,objazd-gostynska,302,273,29,0
2026-09-03T04:24:17+00:00,3,6,wyjazd-plac20-czmon,623,578,45,0
2026-09-03T04:34:18+00:00,3,6,obwodnica-plac20,214,203,11,0
2026-09-03T04:34:18+00:00,3,6,od-czmonia-plac20,628,577,51,0
2026-09-03T04:34:18+00:00,3,6,od-srody-plac20,453,420,33,0
2026-09-03T04:34:18+00:00,3,6,od-gostynia-staszica,344,318,26,0
2026-09-03T04:34:18+00:00,3,6,od-leszna-most-bp,735,624,111,0
2026-09-03T04:34:18+00:00,3,6,od-czempinia-rondo-ak,559,497,62,0
2026-09-03T04:34:18+00:00,3,6,objazd-gostynska,306,273,33,0
2026-09-03T04:34:18+00:00,3,6,wyjazd-plac20-czmon,629,578,51,0
2026-09-03T04:44:17+00:00,3,6,obwodnica-plac20,215,203,12,0
2026-09-03T04:44:17+00:00,3,6,od-czmonia-plac20,631,577,54,0
2026-09-03T04:44:17+00:00,3,6,od-srody-plac20,458,420,38,0
2026-09-03T04:44:17+00:00,3,6,od-gostynia-staszica,348,318,30,0
2026-09-03T04:44:17+00:00,3,6,od-leszna-most-bp,844,711,133,0
2026-09-03T04:44:17+00:00,3,6,od-czempinia-rondo-ak,567,497,70,0
2026-09-03T04:44:17+00:00,3,6,objazd-gostynska,529,273,256,230
2026-09-03T04:44:17+00:00,3,6,wyjazd-plac20-czmon,699,639,60,0
2026-09-03T04:54:16+00:00,3,6,obwodnica-plac20,216,203,13,0
2026-09-03T04:54:16+00:00,3,6,od-czmonia-plac20,634,577,57,0
2026-09-03T04:54:16+00:00,3,6,od-srody-plac20,464,420,44,0
2026-09-03T04:54:16+00:00,3,6,od-gostynia-staszica,699,318,381,357
2026-09-03T04:54:16+00:00,3,6,od-leszna-most-bp,767,624,143,0
2026-09-03T04:54:16+00:00,3,6,od-czempinia-rondo-ak,646,595,51,0
2026-09-03T04:54:16+00:00,3,6,objazd-gostynska,834,273,561,544
2026-09-03T04:54:16+00:00,3,6,wyjazd-plac20-czmon,634,581,53,0
2026-09-03T05:04:17+00:00,3,7,obwodnica-plac20,212,203,9,0
2026-09-03T05:04:17+00:00,3,7,od-czmonia-plac20,621,577,44,0
2026-09-03T05:04:17+00:00,3,7,od-srody-plac20,456,420,36,0
2026-09-03T05:04:17+00:00,3,7,od-gostynia-staszica,920,882,38,0
2026-09-03T05:04:17+00:00,3,7,od-leszna-most-bp,774,624,150,0
2026-09-03T05:04:17+00:00,3,7,od-czempinia-rondo-ak,580,497,83,0
2026-09-03T05:04:17+00:00,3,7,objazd-gostynska,820,273,547,535
2026-09-03T05:04:17+00:00,3,7,wyjazd-plac20-czmon,622,581,41,0
2026-09-03T05:14:17+00:00,3,7,obwodnica-plac20,213,203,10,0
2026-09-03T05:14:17+00:00,3,7,od-czmonia-plac20,623,577,46,0
2026-09-03T05:14:17+00:00,3,7,od-srody-plac20,459,420,39,0
2026-09-03T05:14:17+00:00,3,7,od-gostynia-staszica,574,318,256,234
2026-09-03T05:14:17+00:00,3,7,od-leszna-most-bp,790,624,166,0
2026-09-03T05:14:17+00:00,3,7,od-czempinia-rondo-ak,589,497,92,0
2026-09-03T05:14:17+00:00,3,7,objazd-gostynska,819,273,546,533
2026-09-03T05:14:17+00:00,3,7,wyjazd-plac20-czmon,625,581,44,0
2026-09-03T05:24:16+00:00,3,7,obwodnica-plac20,214,203,11,0
2026-09-03T05:24:16+00:00,3,7,od-czmonia-plac20,625,577,48,0
2026-09-03T05:24:16+00:00,3,7,od-srody-plac20,462,420,42,0
2026-09-03T05:24:16+00:00,3,7,od-gostynia-staszica,697,318,379,357
2026-09-03T05:24:16+00:00,3,7,od-leszna-most-bp,807,624,183,0
2026-09-03T05:24:16+00:00,3,7,od-czempinia-rondo-ak,646,595,51,0
2026-09-03T05:24:16+00:00,3,7,objazd-gostynska,920,273,647,634
2026-09-03T05:24:16+00:00,3,7,wyjazd-plac20-czmon,627,581,46,0
2026-09-03T05:34:17+00:00,3,7,obwodnica-plac20,239,203,36,25
2026-09-03T05:34:17+00:00,3,7,od-czmonia-plac20,652,618,34,0
2026-09-03T05:34:17+00:00,3,7,od-srody-plac20,707,420,287,267
2026-09-03T05:34:17+00:00,3,7,od-gostynia-staszica,359,318,41,0
2026-09-03T05:34:17+00:00,3,7,od-leszna-most-bp,939,624,315,129
2026-09-03T05:34:17+00:00,3,7,od-czempinia-rondo-ak,652,595,57,0
2026-09-03T05:34:17+00:00,3,7,objazd-gostynska,1081,273,808,796
2026-09-03T05:34:17+00:00,3,7,wyjazd-plac20-czmon,698,639,59,0
2026-09-03T05:44:18+00:00,3,7,obwodnica-plac20,215,203,12,0
2026-09-03T05:44:18+00:00,3,7,od-czmonia-plac20,654,618,36,0
2026-09-03T05:44:18+00:00,3,7,od-srody-plac20,464,420,44,0
2026-09-03T05:44:18+00:00,3,7,od-gostynia-staszica,626,318,308,282
2026-09-03T05:44:18+00:00,3,7,od-leszna-most-bp,1011,711,300,151
2026-09-03T05:44:18+00:00,3,7,od-czempinia-rondo-ak,656,595,61,0
2026-09-03T05:44:18+00:00,3,7,objazd-gostynska,1179,273,906,894
2026-09-03T05:44:18+00:00,3,7,wyjazd-plac20-czmon,710,655,55,0
2026-09-03T05:54:16+00:00,3,7,obwodnica-plac20,216,203,13,0
2026-09-03T05:54:16+00:00,3,7,od-czmonia-plac20,656,618,38,0
2026-09-03T05:54:16+00:00,3,7,od-srody-plac20,464,420,44,0
2026-09-03T05:54:16+00:00,3,7,od-gostynia-staszica,872,318,554,537
2026-09-03T05:54:16+00:00,3,7,od-leszna-most-bp,1101,924,177,8
2026-09-03T05:54:16+00:00,3,7,od-czempinia-rondo-ak,660,595,65,0
2026-09-03T05:54:16+00:00,3,7,objazd-gostynska,1880,467,1413,1400
2026-09-03T05:54:16+00:00,3,7,wyjazd-plac20-czmon,712,639,73,11
2026-09-03T06:04:16+00:00,3,8,obwodnica-plac20,262,203,59,45
2026-09-03T06:04:16+00:00,3,8,od-czmonia-plac20,662,618,44,0
2026-09-03T06:04:16+00:00,3,8,od-srody-plac20,704,420,284,255
2026-09-03T06:04:16+00:00,3,8,od-gostynia-staszica,504,318,186,147
2026-09-03T06:04:16+00:00,3,8,od-leszna-most-bp,1042,711,331,174
2026-09-03T06:04:16+00:00,3,8,od-czempinia-rondo-ak,615,497,118,0
2026-09-03T06:04:16+00:00,3,8,objazd-gostynska,1464,467,997,982
2026-09-03T06:04:16+00:00,3,8,wyjazd-plac20-czmon,704,639,65,0
2026-09-03T06:14:19+00:00,3,8,obwodnica-plac20,278,203,75,60
2026-09-03T06:14:19+00:00,3,8,od-czmonia-plac20,662,618,44,0
2026-09-03T06:14:19+00:00,3,8,od-srody-plac20,785,420,365,339
2026-09-03T06:14:19+00:00,3,8,od-gostynia-staszica,368,318,50,0
2026-09-03T06:14:19+00:00,3,8,od-leszna-most-bp,1107,711,396,193
2026-09-03T06:14:19+00:00,3,8,od-czempinia-rondo-ak,616,497,119,0
2026-09-03T06:14:19+00:00,3,8,objazd-gostynska,1775,377,1398,1388
2026-09-03T06:14:19+00:00,3,8,wyjazd-plac20-czmon,706,639,67,4
2026-09-03T06:24:17+00:00,3,8,obwodnica-plac20,232,203,29,14
2026-09-03T06:24:17+00:00,3,8,od-czmonia-plac20,661,618,43,0
2026-09-03T06:24:17+00:00,3,8,od-srody-plac20,813,420,393,370
2026-09-03T06:24:17+00:00,3,8,od-gostynia-staszica,368,318,50,0
2026-09-03T06:24:17+00:00,3,8,od-leszna-most-bp,937,711,226,18
2026-09-03T06:24:17+00:00,3,8,od-czempinia-rondo-ak,666,595,71,0
2026-09-03T06:24:17+00:00,3,8,objazd-gostynska,1144,377,767,738
2026-09-03T06:24:17+00:00,3,8,wyjazd-plac20-czmon,700,639,61,0
2026-09-03T06:34:21+00:00,3,8,obwodnica-plac20,235,203,32,16
2026-09-03T06:34:21+00:00,3,8,od-czmonia-plac20,661,618,43,0
2026-09-03T06:34:21+00:00,3,8,od-srody-plac20,589,554,35,0
2026-09-03T06:34:21+00:00,3,8,od-gostynia-staszica,367,318,49,0
2026-09-03T06:34:21+00:00,3,8,od-leszna-most-bp,960,624,336,142
2026-09-03T06:34:21+00:00,3,8,od-czempinia-rondo-ak,664,595,69,0
2026-09-03T06:34:21+00:00,3,8,objazd-gostynska,898,273,625,596
2026-09-03T06:34:21+00:00,3,8,wyjazd-plac20-czmon,695,639,56,0
2026-09-03T06:44:18+00:00,3,8,obwodnica-plac20,219,203,16,0
2026-09-03T06:44:18+00:00,3,8,od-czmonia-plac20,660,618,42,0
2026-09-03T06:44:18+00:00,3,8,od-srody-plac20,612,420,192,164
2026-09-03T06:44:18+00:00,3,8,od-gostynia-staszica,366,318,48,0
2026-09-03T06:44:18+00:00,3,8,od-leszna-most-bp,819,624,195,0
2026-09-03T06:44:18+00:00,3,8,od-czempinia-rondo-ak,610,497,113,0
2026-09-03T06:44:18+00:00,3,8,objazd-gostynska,550,273,277,241
2026-09-03T06:44:18+00:00,3,8,wyjazd-plac20-czmon,630,581,49,0
2026-09-03T06:54:17+00:00,3,8,obwodnica-plac20,219,203,16,0
2026-09-03T06:54:17+00:00,3,8,od-czmonia-plac20,629,577,52,0
2026-09-03T06:54:17+00:00,3,8,od-srody-plac20,458,420,38,0
2026-09-03T06:54:17+00:00,3,8,od-gostynia-staszica,364,318,46,0
2026-09-03T06:54:17+00:00,3,8,od-leszna-most-bp,813,624,189,0
2026-09-03T06:54:17+00:00,3,8,od-czempinia-rondo-ak,662,595,67,0
2026-09-03T06:54:17+00:00,3,8,objazd-gostynska,677,273,404,386
2026-09-03T06:54:17+00:00,3,8,wyjazd-plac20-czmon,628,581,47,0
2026-09-03T07:04:17+00:00,3,9,obwodnica-plac20,216,203,13,0
2026-09-03T07:04:17+00:00,3,9,od-czmonia-plac20,622,577,45,0
2026-09-03T07:04:17+00:00,3,9,od-srody-plac20,450,420,30,0
2026-09-03T07:04:17+00:00,3,9,od-gostynia-staszica,358,318,40,0
2026-09-03T07:04:17+00:00,3,9,od-leszna-most-bp,791,624,167,0
2026-09-03T07:04:17+00:00,3,9,od-czempinia-rondo-ak,653,595,58,0
2026-09-03T07:04:17+00:00,3,9,objazd-gostynska,614,273,341,321
2026-09-03T07:04:17+00:00,3,9,wyjazd-plac20-czmon,619,581,38,0
2026-09-03T07:14:18+00:00,3,9,obwodnica-plac20,216,203,13,0
2026-09-03T07:14:18+00:00,3,9,od-czmonia-plac20,622,577,45,0
2026-09-03T07:14:18+00:00,3,9,od-srody-plac20,449,420,29,0
2026-09-03T07:14:18+00:00,3,9,od-gostynia-staszica,358,318,40,0
2026-09-03T07:14:18+00:00,3,9,od-leszna-most-bp,790,624,166,0
2026-09-03T07:14:18+00:00,3,9,od-czempinia-rondo-ak,653,595,58,0
2026-09-03T07:14:18+00:00,3,9,objazd-gostynska,479,273,206,172
2026-09-03T07:14:18+00:00,3,9,wyjazd-plac20-czmon,618,581,37,0
2026-09-03T07:24:19+00:00,3,9,obwodnica-plac20,216,203,13,0
2026-09-03T07:24:19+00:00,3,9,od-czmonia-plac20,621,577,44,0
2026-09-03T07:24:19+00:00,3,9,od-srody-plac20,448,420,28,0
2026-09-03T07:24:19+00:00,3,9,od-gostynia-staszica,357,318,39,0
2026-09-03T07:24:19+00:00,3,9,od-leszna-most-bp,788,624,164,0
2026-09-03T07:24:19+00:00,3,9,od-czempinia-rondo-ak,590,497,93,0
2026-09-03T07:24:19+00:00,3,9,objazd-gostynska,319,273,46,0
2026-09-03T07:24:19+00:00,3,9,wyjazd-plac20-czmon,618,581,37,0
2026-09-03T07:34:20+00:00,3,9,obwodnica-plac20,216,203,13,0
2026-09-03T07:34:20+00:00,3,9,od-czmonia-plac20,622,577,45,0
2026-09-03T07:34:20+00:00,3,9,od-srody-plac20,448,420,28,0
2026-09-03T07:34:20+00:00,3,9,od-gostynia-staszica,357,318,39,0
2026-09-03T07:34:20+00:00,3,9,od-leszna-most-bp,786,624,162,0
2026-09-03T07:34:20+00:00,3,9,od-czempinia-rondo-ak,589,497,92,0
2026-09-03T07:34:20+00:00,3,9,objazd-gostynska,318,273,45,0
2026-09-03T07:34:20+00:00,3,9,wyjazd-plac20-czmon,618,581,37,0
2026-09-03T07:44:15+00:00,3,9,obwodnica-plac20,216,203,13,0
2026-09-03T07:44:15+00:00,3,9,od-czmonia-plac20,621,577,44,0
2026-09-03T07:44:15+00:00,3,9,od-srody-plac20,448,420,28,0
2026-09-03T07:44:15+00:00,3,9,od-gostynia-staszica,358,318,40,0
2026-09-03T07:44:15+00:00,3,9,od-leszna-most-bp,808,624,184,40
2026-09-03T07:44:15+00:00,3,9,od-czempinia-rondo-ak,654,595,59,0
2026-09-03T07:44:15+00:00,3,9,objazd-gostynska,318,273,45,0
2026-09-03T07:44:15+00:00,3,9,wyjazd-plac20-czmon,619,581,38,0
2026-09-03T07:54:19+00:00,3,9,obwodnica-plac20,216,203,13,0
2026-09-03T07:54:19+00:00,3,9,od-czmonia-plac20,621,577,44,0
2026-09-03T07:54:19+00:00,3,9,od-srody-plac20,447,420,27,0
2026-09-03T07:54:19+00:00,3,9,od-gostynia-staszica,358,318,40,0
2026-09-03T07:54:19+00:00,3,9,od-leszna-most-bp,801,624,177,34
2026-09-03T07:54:19+00:00,3,9,od-czempinia-rondo-ak,655,595,60,0
2026-09-03T07:54:19+00:00,3,9,objazd-gostynska,318,273,45,0
2026-09-03T07:54:19+00:00,3,9,wyjazd-plac20-czmon,618,581,37,0
2026-09-03T08:12:19+00:00,3,10,obwodnica-plac20,216,203,13,0
2026-09-03T08:12:19+00:00,3,10,od-czmonia-plac20,619,577,42,0
2026-09-03T08:12:19+00:00,3,10,od-srody-plac20,446,420,26,0
2026-09-03T08:12:19+00:00,3,10,od-gostynia-staszica,357,318,39,0
2026-09-03T08:12:19+00:00,3,10,od-leszna-most-bp,779,624,155,0
2026-09-03T08:12:19+00:00,3,10,od-czempinia-rondo-ak,587,497,90,0
2026-09-03T08:12:19+00:00,3,10,objazd-gostynska,317,273,44,0
2026-09-03T08:12:19+00:00,3,10,wyjazd-plac20-czmon,617,581,36,0
2026-09-03T08:32:19+00:00,3,10,obwodnica-plac20,216,203,13,0
2026-09-03T08:32:19+00:00,3,10,od-czmonia-plac20,620,577,43,0
2026-09-03T08:32:19+00:00,3,10,od-srody-plac20,446,420,26,0
2026-09-03T08:32:19+00:00,3,10,od-gostynia-staszica,358,318,40,0
2026-09-03T08:32:19+00:00,3,10,od-leszna-most-bp,781,624,157,0
2026-09-03T08:32:19+00:00,3,10,od-czempinia-rondo-ak,657,595,62,0
2026-09-03T08:32:19+00:00,3,10,objazd-gostynska,318,273,45,0
2026-09-03T08:32:19+00:00,3,10,wyjazd-plac20-czmon,617,581,36,0
2026-09-03T08:52:16+00:00,3,10,obwodnica-plac20,217,203,14,0
2026-09-03T08:52:16+00:00,3,10,od-czmonia-plac20,618,577,41,0
2026-09-03T08:52:16+00:00,3,10,od-srody-plac20,446,420,26,0
2026-09-03T08:52:16+00:00,3,10,od-gostynia-staszica,360,318,42,0
2026-09-03T08:52:16+00:00,3,10,od-leszna-most-bp,785,624,161,0
2026-09-03T08:52:16+00:00,3,10,od-czempinia-rondo-ak,661,595,66,0
2026-09-03T08:52:16+00:00,3,10,objazd-gostynska,319,273,46,0
2026-09-03T08:52:16+00:00,3,10,wyjazd-plac20-czmon,618,581,37,0
2026-09-03T09:12:18+00:00,3,11,obwodnica-plac20,217,203,14,0
2026-09-03T09:12:18+00:00,3,11,od-czmonia-plac20,619,577,42,0
2026-09-03T09:12:18+00:00,3,11,od-srody-plac20,447,420,27,0
2026-09-03T09:12:18+00:00,3,11,od-gostynia-staszica,361,318,43,0
2026-09-03T09:12:18+00:00,3,11,od-leszna-most-bp,790,624,166,0
2026-09-03T09:12:18+00:00,3,11,od-czempinia-rondo-ak,592,497,95,0
2026-09-03T09:12:18+00:00,3,11,objazd-gostynska,322,273,49,0
2026-09-03T09:12:18+00:00,3,11,wyjazd-plac20-czmon,619,581,38,0
2026-09-03T09:32:18+00:00,3,11,obwodnica-plac20,218,203,15,0
2026-09-03T09:32:18+00:00,3,11,od-czmonia-plac20,620,577,43,0
2026-09-03T09:32:18+00:00,3,11,od-srody-plac20,447,420,27,0
2026-09-03T09:32:18+00:00,3,11,od-gostynia-staszica,364,318,46,0
2026-09-03T09:32:18+00:00,3,11,od-leszna-most-bp,793,624,169,0
2026-09-03T09:32:18+00:00,3,11,od-czempinia-rondo-ak,666,595,71,0
2026-09-03T09:32:18+00:00,3,11,objazd-gostynska,325,273,52,0
2026-09-03T09:32:18+00:00,3,11,wyjazd-plac20-czmon,620,581,39,0
2026-09-03T09:52:18+00:00,3,11,obwodnica-plac20,217,203,14,0
2026-09-03T09:52:18+00:00,3,11,od-czmonia-plac20,618,577,41,0
2026-09-03T09:52:18+00:00,3,11,od-srody-plac20,445,420,25,0
2026-09-03T09:52:18+00:00,3,11,od-gostynia-staszica,364,318,46,0
2026-09-03T09:52:18+00:00,3,11,od-leszna-most-bp,793,624,169,0
2026-09-03T09:52:18+00:00,3,11,od-czempinia-rondo-ak,592,497,95,0
2026-09-03T09:52:18+00:00,3,11,objazd-gostynska,326,273,53,0
2026-09-03T09:52:18+00:00,3,11,wyjazd-plac20-czmon,616,581,35,0
2026-09-03T10:12:19+00:00,3,12,obwodnica-plac20,219,203,16,0
2026-09-03T10:12:19+00:00,3,12,od-czmonia-plac20,621,577,44,0
2026-09-03T10:12:19+00:00,3,12,od-srody-plac20,448,420,28,0
2026-09-03T10:12:19+00:00,3,12,od-gostynia-staszica,367,318,49,0
2026-09-03T10:12:19+00:00,3,12,od-leszna-most-bp,797,624,173,0
2026-09-03T10:12:19+00:00,3,12,od-czempinia-rondo-ak,594,497,97,0
2026-09-03T10:12:19+00:00,3,12,objazd-gostynska,330,273,57,0
2026-09-03T10:12:19+00:00,3,12,wyjazd-plac20-czmon,622,581,41,0
2026-09-03T10:32:17+00:00,3,12,obwodnica-plac20,218,203,15,0
2026-09-03T10:32:17+00:00,3,12,od-czmonia-plac20,621,577,44,0
2026-09-03T10:32:17+00:00,3,12,od-srody-plac20,448,420,28,0
2026-09-03T10:32:17+00:00,3,12,od-gostynia-staszica,368,318,50,0
2026-09-03T10:32:17+00:00,3,12,od-leszna-most-bp,798,624,174,0
2026-09-03T10:32:17+00:00,3,12,od-czempinia-rondo-ak,593,497,96,0
2026-09-03T10:32:17+00:00,3,12,objazd-gostynska,525,273,252,215
2026-09-03T10:32:17+00:00,3,12,wyjazd-plac20-czmon,621,581,40,0
2026-09-03T10:52:17+00:00,3,12,obwodnica-plac20,219,203,16,0
2026-09-03T10:52:17+00:00,3,12,od-czmonia-plac20,621,577,44,0
2026-09-03T10:52:17+00:00,3,12,od-srody-plac20,449,420,29,0
2026-09-03T10:52:17+00:00,3,12,od-gostynia-staszica,369,318,51,0
2026-09-03T10:52:17+00:00,3,12,od-leszna-most-bp,799,624,175,0
2026-09-03T10:52:17+00:00,3,12,od-czempinia-rondo-ak,593,497,96,0
2026-09-03T10:52:17+00:00,3,12,objazd-gostynska,691,273,418,398
2026-09-03T10:52:17+00:00,3,12,wyjazd-plac20-czmon,622,581,41,0
2026-09-03T11:12:17+00:00,3,13,obwodnica-plac20,219,203,16,0
2026-09-03T11:12:17+00:00,3,13,od-czmonia-plac20,621,577,44,0
2026-09-03T11:12:17+00:00,3,13,od-srody-plac20,449,420,29,0
2026-09-03T11:12:17+00:00,3,13,od-gostynia-staszica,370,318,52,0
2026-09-03T11:12:17+00:00,3,13,od-leszna-most-bp,802,624,178,0
2026-09-03T11:12:17+00:00,3,13,od-czempinia-rondo-ak,594,497,97,0
2026-09-03T11:12:17+00:00,3,13,objazd-gostynska,466,273,193,153
2026-09-03T11:12:17+00:00,3,13,wyjazd-plac20-czmon,622,581,41,0
2026-09-03T11:32:18+00:00,3,13,obwodnica-plac20,219,203,16,0
2026-09-03T11:32:18+00:00,3,13,od-czmonia-plac20,622,577,45,0
2026-09-03T11:32:18+00:00,3,13,od-srody-plac20,449,420,29,0
2026-09-03T11:32:18+00:00,3,13,od-gostynia-staszica,482,318,164,121
2026-09-03T11:32:18+00:00,3,13,od-leszna-most-bp,806,624,182,0
2026-09-03T11:32:18+00:00,3,13,od-czempinia-rondo-ak,595,497,98,0
2026-09-03T11:32:18+00:00,3,13,objazd-gostynska,583,273,310,268
2026-09-03T11:32:18+00:00,3,13,wyjazd-plac20-czmon,623,581,42,0
2026-09-03T11:52:17+00:00,3,13,obwodnica-plac20,219,203,16,0
2026-09-03T11:52:17+00:00,3,13,od-czmonia-plac20,623,577,46,0
2026-09-03T11:52:17+00:00,3,13,od-srody-plac20,450,420,30,0
2026-09-03T11:52:17+00:00,3,13,od-gostynia-staszica,527,318,209,173
2026-09-03T11:52:17+00:00,3,13,od-leszna-most-bp,814,624,190,0
2026-09-03T11:52:17+00:00,3,13,od-czempinia-rondo-ak,681,595,86,0
2026-09-03T11:52:17+00:00,3,13,objazd-gostynska,545,273,272,231
2026-09-03T11:52:17+00:00,3,13,wyjazd-plac20-czmon,625,581,44,0
2026-09-03T12:04:25+00:00,3,14,obwodnica-plac20,220,203,17,0
2026-09-03T12:04:25+00:00,3,14,od-czmonia-plac20,626,577,49,0
2026-09-03T12:04:25+00:00,3,14,od-srody-plac20,453,420,33,0
2026-09-03T12:04:25+00:00,3,14,od-gostynia-staszica,695,318,377,343
2026-09-03T12:04:25+00:00,3,14,od-leszna-most-bp,834,624,210,2
2026-09-03T12:04:25+00:00,3,14,od-czempinia-rondo-ak,690,595,95,0
2026-09-03T12:04:25+00:00,3,14,objazd-gostynska,828,273,555,534
2026-09-03T12:04:25+00:00,3,14,wyjazd-plac20-czmon,629,581,48,0
2026-09-03T12:14:17+00:00,3,14,obwodnica-plac20,225,203,22,6
2026-09-03T12:14:17+00:00,3,14,od-czmonia-plac20,633,577,56,4
2026-09-03T12:14:17+00:00,3,14,od-srody-plac20,630,420,210,188
2026-09-03T12:14:17+00:00,3,14,od-gostynia-staszica,967,318,649,628
2026-09-03T12:14:17+00:00,3,14,od-leszna-most-bp,839,624,215,3
2026-09-03T12:14:17+00:00,3,14,od-czempinia-rondo-ak,693,595,98,0
2026-09-03T12:14:17+00:00,3,14,objazd-gostynska,1395,273,1122,1108
2026-09-03T12:14:17+00:00,3,14,wyjazd-plac20-czmon,634,581,53,3
2026-09-03T12:24:17+00:00,3,14,obwodnica-plac20,245,203,42,25
2026-09-03T12:24:17+00:00,3,14,od-czmonia-plac20,654,618,36,0
2026-09-03T12:24:17+00:00,3,14,od-srody-plac20,587,554,33,0
2026-09-03T12:24:17+00:00,3,14,od-gostynia-staszica,943,882,61,0
2026-09-03T12:24:17+00:00,3,14,od-leszna-most-bp,1093,711,382,198
2026-09-03T12:24:17+00:00,3,14,od-czempinia-rondo-ak,667,497,170,61
2026-09-03T12:24:17+00:00,3,14,objazd-gostynska,1613,467,1146,1087
2026-09-03T12:24:17+00:00,3,14,wyjazd-plac20-czmon,689,639,50,0
2026-09-03T12:34:17+00:00,3,14,obwodnica-plac20,290,203,87,70
2026-09-03T12:34:17+00:00,3,14,od-czmonia-plac20,654,618,36,0
2026-09-03T12:34:17+00:00,3,14,od-srody-plac20,589,554,35,0
2026-09-03T12:34:17+00:00,3,14,od-gostynia-staszica,388,318,70,0
2026-09-03T12:34:17+00:00,3,14,od-leszna-most-bp,1006,711,295,74
2026-09-03T12:34:17+00:00,3,14,od-czempinia-rondo-ak,669,497,172,61
2026-09-03T12:34:17+00:00,3,14,objazd-gostynska,1462,273,1189,1172
2026-09-03T12:34:17+00:00,3,14,wyjazd-plac20-czmon,690,639,51,0
2026-09-03T12:44:17+00:00,3,14,obwodnica-plac20,246,203,43,25
2026-09-03T12:44:17+00:00,3,14,od-czmonia-plac20,654,618,36,0
2026-09-03T12:44:17+00:00,3,14,od-srody-plac20,590,554,36,0
2026-09-03T12:44:17+00:00,3,14,od-gostynia-staszica,391,318,73,0
2026-09-03T12:44:17+00:00,3,14,od-leszna-most-bp,1096,711,385,229
2026-09-03T12:44:17+00:00,3,14,od-czempinia-rondo-ak,703,595,108,0
2026-09-03T12:44:17+00:00,3,14,objazd-gostynska,1504,377,1127,1067
2026-09-03T12:44:17+00:00,3,14,wyjazd-plac20-czmon,691,639,52,0
2026-09-03T12:54:18+00:00,3,14,obwodnica-plac20,266,203,63,45
2026-09-03T12:54:18+00:00,3,14,od-czmonia-plac20,655,618,37,0
2026-09-03T12:54:18+00:00,3,14,od-srody-plac20,591,554,37,0
2026-09-03T12:54:18+00:00,3,14,od-gostynia-staszica,394,318,76,0
2026-09-03T12:54:18+00:00,3,14,od-leszna-most-bp,1065,711,354,184
2026-09-03T12:54:18+00:00,3,14,od-czempinia-rondo-ak,614,497,117,0
2026-09-03T12:54:18+00:00,3,14,objazd-gostynska,1187,273,914,896
2026-09-03T12:54:18+00:00,3,14,wyjazd-plac20-czmon,693,639,54,0
2026-09-03T13:04:19+00:00,3,15,obwodnica-plac20,232,203,29,10
2026-09-03T13:04:19+00:00,3,15,od-czmonia-plac20,737,618,119,82
2026-09-03T13:04:19+00:00,3,15,od-srody-plac20,729,420,309,285
2026-09-03T13:04:19+00:00,3,15,od-gostynia-staszica,402,318,84,0
2026-09-03T13:04:19+00:00,3,15,od-leszna-most-bp,981,711,270,13
2026-09-03T13:04:19+00:00,3,15,od-czempinia-rondo-ak,718,595,123,0
2026-09-03T13:04:19+00:00,3,15,objazd-gostynska,1222,273,949,929
2026-09-03T13:04:19+00:00,3,15,wyjazd-plac20-czmon,711,639,72,15
2026-09-03T13:14:31+00:00,3,15,obwodnica-plac20,224,203,21,0
2026-09-03T13:14:31+00:00,3,15,od-czmonia-plac20,655,618,37,0
2026-09-03T13:14:31+00:00,3,15,od-srody-plac20,592,554,38,0
2026-09-03T13:14:31+00:00,3,15,od-gostynia-staszica,718,318,400,358
2026-09-03T13:14:31+00:00,3,15,od-leszna-most-bp,1087,711,376,191
2026-09-03T13:14:31+00:00,3,15,od-czempinia-rondo-ak,721,595,126,0
2026-09-03T13:14:31+00:00,3,15,objazd-gostynska,994,273,721,698
2026-09-03T13:14:31+00:00,3,15,wyjazd-plac20-czmon,789,655,134,88
2026-09-03T13:24:18+00:00,3,15,obwodnica-plac20,234,203,31,12
2026-09-03T13:24:18+00:00,3,15,od-czmonia-plac20,656,618,38,0
2026-09-03T13:24:18+00:00,3,15,od-srody-plac20,796,689,107,71
2026-09-03T13:24:18+00:00,3,15,od-gostynia-staszica,1012,882,130,77
2026-09-03T13:24:18+00:00,3,15,od-leszna-most-bp,994,711,283,21
2026-09-03T13:24:18+00:00,3,15,od-czempinia-rondo-ak,627,497,130,0
2026-09-03T13:24:18+00:00,3,15,objazd-gostynska,1391,377,1014,941
2026-09-03T13:24:18+00:00,3,15,wyjazd-plac20-czmon,712,639,73,15
2026-09-03T13:34:16+00:00,3,15,obwodnica-plac20,242,203,39,18
2026-09-03T13:34:16+00:00,3,15,od-czmonia-plac20,656,618,38,0
2026-09-03T13:34:16+00:00,3,15,od-srody-plac20,590,554,36,0
2026-09-03T13:34:16+00:00,3,15,od-gostynia-staszica,980,882,98,38
2026-09-03T13:34:16+00:00,3,15,od-leszna-most-bp,998,711,287,23
2026-09-03T13:34:16+00:00,3,15,od-czempinia-rondo-ak,655,497,158,33
2026-09-03T13:34:16+00:00,3,15,objazd-gostynska,1005,273,732,708
2026-09-03T13:34:16+00:00,3,15,wyjazd-plac20-czmon,707,639,68,11
2026-09-03T13:44:22+00:00,3,15,obwodnica-plac20,244,203,41,20
2026-09-03T13:44:22+00:00,3,15,od-czmonia-plac20,657,618,39,0
2026-09-03T13:44:22+00:00,3,15,od-srody-plac20,589,554,35,0
2026-09-03T13:44:22+00:00,3,15,od-gostynia-staszica,986,540,446,387
2026-09-03T13:44:22+00:00,3,15,od-leszna-most-bp,1158,711,447,279
2026-09-03T13:44:22+00:00,3,15,od-czempinia-rondo-ak,685,497,188,61
2026-09-03T13:44:22+00:00,3,15,objazd-gostynska,1181,273,908,883
2026-09-03T13:44:22+00:00,3,15,wyjazd-plac20-czmon,697,639,58,0
2026-09-03T13:54:17+00:00,3,15,obwodnica-plac20,249,203,46,25
2026-09-03T13:54:17+00:00,3,15,od-czmonia-plac20,656,618,38,0
2026-09-03T13:54:17+00:00,3,15,od-srody-plac20,713,420,293,267
2026-09-03T13:54:17+00:00,3,15,od-gostynia-staszica,1091,882,209,146
2026-09-03T13:54:17+00:00,3,15,od-leszna-most-bp,1053,711,342,139
2026-09-03T13:54:17+00:00,3,15,od-czempinia-rondo-ak,725,595,130,0
2026-09-03T13:54:17+00:00,3,15,objazd-gostynska,1413,273,1140,1119
2026-09-03T13:54:17+00:00,3,15,wyjazd-plac20-czmon,696,639,57,0
2026-09-03T14:04:17+00:00,3,16,obwodnica-plac20,294,203,91,70
2026-09-03T14:04:17+00:00,3,16,od-czmonia-plac20,658,618,40,0
2026-09-03T14:04:17+00:00,3,16,od-srody-plac20,588,554,34,0
2026-09-03T14:04:17+00:00,3,16,od-gostynia-staszica,539,318,221,147
2026-09-03T14:04:17+00:00,3,16,od-leszna-most-bp,1092,711,381,170
2026-09-03T14:04:17+00:00,3,16,od-czempinia-rondo-ak,632,497,135,0
2026-09-03T14:04:17+00:00,3,16,objazd-gostynska,1202,273,929,909
2026-09-03T14:04:17+00:00,3,16,wyjazd-plac20-czmon,698,639,59,0
2026-09-03T14:14:18+00:00,3,16,obwodnica-plac20,231,203,28,6
2026-09-03T14:14:18+00:00,3,16,od-czmonia-plac20,658,618,40,0
2026-09-03T14:14:18+00:00,3,16,od-srody-plac20,652,420,232,207
2026-09-03T14:14:18+00:00,3,16,od-gostynia-staszica,525,318,207,133
2026-09-03T14:14:18+00:00,3,16,od-leszna-most-bp,1019,711,308,92
2026-09-03T14:14:18+00:00,3,16,od-czempinia-rondo-ak,725,595,130,0
2026-09-03T14:14:18+00:00,3,16,objazd-gostynska,1568,377,1191,1169
2026-09-03T14:14:18+00:00,3,16,wyjazd-plac20-czmon,712,639,73,15
2026-09-03T14:24:18+00:00,3,16,od-srody-plac20,587,554,33,0
2026-09-03T14:24:18+00:00,3,16,od-gostynia-staszica,413,318,95,0
2026-09-03T14:24:18+00:00,3,16,od-leszna-most-bp,1099,711,388,185
2026-09-03T14:24:18+00:00,3,16,objazd-gostynska,1392,377,1015,994
2026-09-03T14:24:18+00:00,3,16,wyjazd-plac20-czmon,813,639,174,116
2026-09-03T14:34:18+00:00,3,16,obwodnica-plac20,268,203,65,45
2026-09-03T14:34:18+00:00,3,16,od-czmonia-plac20,658,618,40,0
2026-09-03T14:34:18+00:00,3,16,od-leszna-most-bp,1027,711,316,50
2026-09-03T14:44:21+00:00,3,16,obwodnica-plac20,256,203,53,32
2026-09-03T14:44:21+00:00,3,16,od-czmonia-plac20,657,618,39,0
2026-09-03T14:44:21+00:00,3,16,od-srody-plac20,721,677,44,0
2026-09-03T14:44:21+00:00,3,16,od-gostynia-staszica,407,318,89,0
2026-09-03T14:44:21+00:00,3,16,od-leszna-most-bp,1020,624,396,165
2026-09-03T14:44:21+00:00,3,16,od-czempinia-rondo-ak,719,595,124,0
2026-09-03T14:44:21+00:00,3,16,objazd-gostynska,1178,273,905,840
2026-09-03T14:44:21+00:00,3,16,wyjazd-plac20-czmon,697,639,58,0
2026-09-03T14:54:17+00:00,3,16,obwodnica-plac20,248,203,45,25
2026-09-03T14:54:17+00:00,3,16,od-czmonia-plac20,657,618,39,0
2026-09-03T14:54:17+00:00,3,16,od-srody-plac20,721,677,44,0
2026-09-03T14:54:17+00:00,3,16,od-gostynia-staszica,403,318,85,0
2026-09-03T14:54:17+00:00,3,16,od-leszna-most-bp,971,624,347,103
2026-09-03T14:54:17+00:00,3,16,od-czempinia-rondo-ak,716,595,121,0
2026-09-03T14:54:17+00:00,3,16,objazd-gostynska,636,273,363,279
2026-09-03T14:54:17+00:00,3,16,wyjazd-plac20-czmon,697,639,58,0
2026-09-03T15:04:19+00:00,3,17,obwodnica-plac20,235,203,32,16
2026-09-03T15:04:19+00:00,3,17,od-czmonia-plac20,648,618,30,0
2026-09-03T15:04:19+00:00,3,17,od-srody-plac20,675,420,255,231
2026-09-03T15:04:19+00:00,3,17,od-gostynia-staszica,389,318,71,0
2026-09-03T15:04:19+00:00,3,17,od-leszna-most-bp,841,624,217,1
2026-09-03T15:04:19+00:00,3,17,od-czempinia-rondo-ak,604,497,107,0
2026-09-03T15:04:19+00:00,3,17,objazd-gostynska,647,273,374,311
2026-09-03T15:04:19+00:00,3,17,wyjazd-plac20-czmon,686,639,47,0
2026-09-03T15:14:18+00:00,3,17,obwodnica-plac20,218,203,15,0
2026-09-03T15:14:18+00:00,3,17,od-czmonia-plac20,647,618,29,0
2026-09-03T15:14:18+00:00,3,17,od-srody-plac20,449,420,29,0
2026-09-03T15:14:18+00:00,3,17,od-gostynia-staszica,384,318,66,0
2026-09-03T15:14:18+00:00,3,17,od-leszna-most-bp,919,711,208,2
2026-09-03T15:14:18+00:00,3,17,od-czempinia-rondo-ak,693,595,98,0
2026-09-03T15:14:18+00:00,3,17,objazd-gostynska,1047,273,774,758
2026-09-03T15:14:18+00:00,3,17,wyjazd-plac20-czmon,685,639,46,0
2026-09-03T15:24:17+00:00,3,17,obwodnica-plac20,218,203,15,0
2026-09-03T15:24:17+00:00,3,17,od-czmonia-plac20,618,577,41,0
2026-09-03T15:24:17+00:00,3,17,od-srody-plac20,448,420,28,0
2026-09-03T15:24:17+00:00,3,17,od-gostynia-staszica,380,318,62,0
2026-09-03T15:24:17+00:00,3,17,od-leszna-most-bp,822,624,198,0
2026-09-03T15:24:17+00:00,3,17,od-czempinia-rondo-ak,595,497,98,0
2026-09-03T15:24:17+00:00,3,17,objazd-gostynska,1224,467,757,739
2026-09-03T15:24:17+00:00,3,17,wyjazd-plac20-czmon,628,581,47,0
2026-09-03T15:34:18+00:00,3,17,obwodnica-plac20,217,203,14,0
2026-09-03T15:34:18+00:00,3,17,od-czmonia-plac20,616,577,39,0
2026-09-03T15:34:18+00:00,3,17,od-srody-plac20,447,420,27,0
2026-09-03T15:34:18+00:00,3,17,od-gostynia-staszica,376,318,58,0
2026-09-03T15:34:18+00:00,3,17,od-leszna-most-bp,814,624,190,0
2026-09-03T15:34:18+00:00,3,17,od-czempinia-rondo-ak,592,497,95,0
2026-09-03T15:34:18+00:00,3,17,objazd-gostynska,968,273,695,656
2026-09-03T15:34:18+00:00,3,17,wyjazd-plac20-czmon,623,581,42,0
2026-09-03T15:44:19+00:00,3,17,obwodnica-plac20,216,203,13,0
2026-09-03T15:44:19+00:00,3,17,od-czmonia-plac20,613,577,36,0
2026-09-03T15:44:19+00:00,3,17,od-srody-plac20,444,420,24,0
2026-09-03T15:44:19+00:00,3,17,od-gostynia-staszica,371,318,53,0
2026-09-03T15:44:19+00:00,3,17,od-leszna-most-bp,804,624,180,1
2026-09-03T15:44:19+00:00,3,17,od-czempinia-rondo-ak,630,497,133,47
2026-09-03T15:44:19+00:00,3,17,objazd-gostynska,985,273,712,699
2026-09-03T15:44:19+00:00,3,17,wyjazd-plac20-czmon,622,581,41,1
2026-09-03T15:54:18+00:00,3,17,obwodnica-plac20,215,203,12,0
2026-09-03T15:54:18+00:00,3,17,od-czmonia-plac20,610,577,33,0
2026-09-03T15:54:18+00:00,3,17,od-srody-plac20,443,420,23,0
2026-09-03T15:54:18+00:00,3,17,od-gostynia-staszica,367,318,49,0
2026-09-03T15:54:18+00:00,3,17,od-leszna-most-bp,795,624,171,0
2026-09-03T15:54:18+00:00,3,17,od-czempinia-rondo-ak,673,595,78,0
2026-09-03T15:54:18+00:00,3,17,objazd-gostynska,917,273,644,630
2026-09-03T15:54:18+00:00,3,17,wyjazd-plac20-czmon,619,581,38,0
2026-09-03T16:12:19+00:00,3,18,obwodnica-plac20,211,203,8,0
2026-09-03T16:12:19+00:00,3,18,od-czmonia-plac20,597,577,20,0
2026-09-03T16:12:19+00:00,3,18,od-srody-plac20,434,420,14,0
2026-09-03T16:12:19+00:00,3,18,od-gostynia-staszica,353,318,35,0
2026-09-03T16:12:19+00:00,3,18,od-leszna-most-bp,750,624,126,0
2026-09-03T16:12:19+00:00,3,18,od-czempinia-rondo-ak,619,497,122,61
2026-09-03T16:12:19+00:00,3,18,objazd-gostynska,538,273,265,233
2026-09-03T16:12:19+00:00,3,18,wyjazd-plac20-czmon,605,581,24,0
2026-09-03T16:32:18+00:00,3,18,obwodnica-plac20,209,203,6,0
2026-09-03T16:32:18+00:00,3,18,od-czmonia-plac20,594,577,17,0
2026-09-03T16:32:18+00:00,3,18,od-srody-plac20,432,420,12,0
2026-09-03T16:32:18+00:00,3,18,od-gostynia-staszica,347,318,29,0
2026-09-03T16:32:18+00:00,3,18,od-leszna-most-bp,738,624,114,0
2026-09-03T16:32:18+00:00,3,18,od-czempinia-rondo-ak,642,595,47,0
2026-09-03T16:32:18+00:00,3,18,objazd-gostynska,311,273,38,0
2026-09-03T16:32:18+00:00,3,18,wyjazd-plac20-czmon,602,581,21,0
2026-09-03T16:52:17+00:00,3,18,obwodnica-plac20,207,203,4,0
2026-09-03T16:52:17+00:00,3,18,od-czmonia-plac20,588,577,11,0
2026-09-03T16:52:17+00:00,3,18,od-srody-plac20,428,420,8,0
2026-09-03T16:52:17+00:00,3,18,od-gostynia-staszica,341,318,23,0
2026-09-03T16:52:17+00:00,3,18,od-leszna-most-bp,723,624,99,0
2026-09-03T16:52:17+00:00,3,18,od-czempinia-rondo-ak,616,497,119,72
2026-09-03T16:52:17+00:00,3,18,objazd-gostynska,303,273,30,0
2026-09-03T16:52:17+00:00,3,18,wyjazd-plac20-czmon,596,581,15,0
2026-09-03T17:12:17+00:00,3,19,obwodnica-plac20,208,203,5,0
2026-09-03T17:12:17+00:00,3,19,od-czmonia-plac20,590,577,13,0
2026-09-03T17:12:17+00:00,3,19,od-srody-plac20,429,420,9,0
2026-09-03T17:12:17+00:00,3,19,od-gostynia-staszica,342,318,24,0
2026-09-03T17:12:17+00:00,3,19,od-leszna-most-bp,720,624,96,0
2026-09-03T17:12:17+00:00,3,19,od-czempinia-rondo-ak,633,595,38,0
2026-09-03T17:12:17+00:00,3,19,objazd-gostynska,302,273,29,0
2026-09-03T17:12:17+00:00,3,19,wyjazd-plac20-czmon,600,581,19,0
2026-09-03T17:32:19+00:00,3,19,obwodnica-plac20,207,203,4,0
2026-09-03T17:32:19+00:00,3,19,od-czmonia-plac20,587,577,10,0
2026-09-03T17:32:19+00:00,3,19,od-srody-plac20,427,420,7,0
2026-09-03T17:32:19+00:00,3,19,od-gostynia-staszica,337,318,19,0
2026-09-03T17:32:19+00:00,3,19,od-leszna-most-bp,707,624,83,0
2026-09-03T17:32:19+00:00,3,19,od-czempinia-rondo-ak,627,595,32,0
2026-09-03T17:32:19+00:00,3,19,objazd-gostynska,297,273,24,0
2026-09-03T17:32:19+00:00,3,19,wyjazd-plac20-czmon,596,581,15,0
2026-09-03T17:52:23+00:00,3,19,obwodnica-plac20,206,203,3,0
2026-09-03T17:52:23+00:00,3,19,od-czmonia-plac20,585,577,8,0
2026-09-03T17:52:23+00:00,3,19,od-srody-plac20,425,420,5,0
2026-09-03T17:52:23+00:00,3,19,od-gostynia-staszica,333,318,15,0
2026-09-03T17:52:23+00:00,3,19,od-leszna-most-bp,697,624,73,0
2026-09-03T17:52:23+00:00,3,19,od-czempinia-rondo-ak,530,497,33,0
2026-09-03T17:52:23+00:00,3,19,objazd-gostynska,292,273,19,0
2026-09-03T17:52:23+00:00,3,19,wyjazd-plac20-czmon,593,581,12,0
2026-09-04T04:04:17+00:00,4,6,obwodnica-plac20,210,203,7,0
2026-09-04T04:04:17+00:00,4,6,od-czmonia-plac20,603,577,26,0
2026-09-04T04:04:17+00:00,4,6,od-srody-plac20,439,420,19,0
2026-09-04T04:04:17+00:00,4,6,od-gostynia-staszica,334,318,16,0
2026-09-04T04:04:17+00:00,4,6,od-leszna-most-bp,693,624,69,0
2026-09-04T04:04:17+00:00,4,6,od-czempinia-rondo-ak,536,497,39,0
2026-09-04T04:04:17+00:00,4,6,objazd-gostynska,295,273,22,0
2026-09-04T04:04:17+00:00,4,6,wyjazd-plac20-czmon,608,578,30,0
2026-09-04T04:14:18+00:00,4,6,obwodnica-plac20,211,203,8,0
2026-09-04T04:14:18+00:00,4,6,od-czmonia-plac20,606,577,29,0
2026-09-04T04:14:18+00:00,4,6,od-srody-plac20,443,420,23,0
2026-09-04T04:14:18+00:00,4,6,od-gostynia-staszica,336,318,18,0
2026-09-04T04:14:18+00:00,4,6,od-leszna-most-bp,706,624,82,0
2026-09-04T04:14:18+00:00,4,6,od-czempinia-rondo-ak,602,497,105,61
2026-09-04T04:14:18+00:00,4,6,objazd-gostynska,298,273,25,0
2026-09-04T04:14:18+00:00,4,6,wyjazd-plac20-czmon,613,578,35,0
2026-09-04T04:24:17+00:00,4,6,obwodnica-plac20,211,203,8,0
2026-09-04T04:24:17+00:00,4,6,od-czmonia-plac20,609,577,32,0
2026-09-04T04:24:17+00:00,4,6,od-srody-plac20,446,420,26,0
2026-09-04T04:24:17+00:00,4,6,od-gostynia-staszica,338,318,20,0
2026-09-04T04:24:17+00:00,4,6,od-leszna-most-bp,722,624,98,0
2026-09-04T04:24:17+00:00,4,6,od-czempinia-rondo-ak,548,497,51,0
2026-09-04T04:24:17+00:00,4,6,objazd-gostynska,300,273,27,0
2026-09-04T04:24:17+00:00,4,6,wyjazd-plac20-czmon,618,578,40,0
2026-09-04T04:34:19+00:00,4,6,obwodnica-plac20,213,203,10,0
2026-09-04T04:34:19+00:00,4,6,od-czmonia-plac20,615,577,38,0
2026-09-04T04:34:19+00:00,4,6,od-srody-plac20,451,420,31,0
2026-09-04T04:34:19+00:00,4,6,od-gostynia-staszica,342,318,24,0
2026-09-04T04:34:19+00:00,4,6,od-leszna-most-bp,740,624,116,0
2026-09-04T04:34:19+00:00,4,6,od-czempinia-rondo-ak,618,497,121,61
2026-09-04T04:34:19+00:00,4,6,objazd-gostynska,304,273,31,0
2026-09-04T04:34:19+00:00,4,6,wyjazd-plac20-czmon,624,578,46,0
2026-09-04T04:44:17+00:00,4,6,obwodnica-plac20,214,203,11,0
2026-09-04T04:44:17+00:00,4,6,od-czmonia-plac20,619,577,42,0
2026-09-04T04:44:17+00:00,4,6,od-srody-plac20,456,420,36,0
2026-09-04T04:44:17+00:00,4,6,od-gostynia-staszica,346,318,28,0
2026-09-04T04:44:17+00:00,4,6,od-leszna-most-bp,759,624,135,0
2026-09-04T04:44:17+00:00,4,6,od-czempinia-rondo-ak,638,595,43,0
2026-09-04T04:44:17+00:00,4,6,objazd-gostynska,521,273,248,225
2026-09-04T04:44:17+00:00,4,6,wyjazd-plac20-czmon,628,578,50,0
2026-09-04T04:54:18+00:00,4,6,obwodnica-plac20,216,203,13,0
2026-09-04T04:54:18+00:00,4,6,od-czmonia-plac20,624,577,47,0
2026-09-04T04:54:18+00:00,4,6,od-srody-plac20,461,420,41,0
2026-09-04T04:54:18+00:00,4,6,od-gostynia-staszica,464,318,146,123
2026-09-04T04:54:18+00:00,4,6,od-leszna-most-bp,779,624,155,0
2026-09-04T04:54:18+00:00,4,6,od-czempinia-rondo-ak,575,497,78,0
2026-09-04T04:54:18+00:00,4,6,objazd-gostynska,731,273,458,440
2026-09-04T04:54:18+00:00,4,6,wyjazd-plac20-czmon,636,578,58,0
2026-09-04T05:04:17+00:00,4,7,obwodnica-plac20,213,203,10,0
2026-09-04T05:04:17+00:00,4,7,od-czmonia-plac20,617,577,40,0
2026-09-04T05:04:17+00:00,4,7,od-srody-plac20,459,420,39,0
2026-09-04T05:04:17+00:00,4,7,od-gostynia-staszica,348,318,30,0
2026-09-04T05:04:17+00:00,4,7,od-leszna-most-bp,793,624,169,0
2026-09-04T05:04:17+00:00,4,7,od-czempinia-rondo-ak,619,497,122,37
2026-09-04T05:04:17+00:00,4,7,objazd-gostynska,813,273,540,523
2026-09-04T05:04:17+00:00,4,7,wyjazd-plac20-czmon,632,578,54,0
2026-09-04T05:14:21+00:00,4,7,obwodnica-plac20,215,203,12,0
2026-09-04T05:14:21+00:00,4,7,od-czmonia-plac20,623,577,46,0
2026-09-04T05:14:21+00:00,4,7,od-srody-plac20,462,420,42,0
2026-09-04T05:14:21+00:00,4,7,od-gostynia-staszica,353,318,35,0
2026-09-04T05:14:21+00:00,4,7,od-leszna-most-bp,815,624,191,0
2026-09-04T05:14:21+00:00,4,7,od-czempinia-rondo-ak,649,595,54,0
2026-09-04T05:14:21+00:00,4,7,objazd-gostynska,861,273,588,572
2026-09-04T05:14:21+00:00,4,7,wyjazd-plac20-czmon,638,578,60,0
2026-09-04T05:24:16+00:00,4,7,obwodnica-plac20,217,203,14,0
2026-09-04T05:24:16+00:00,4,7,od-czmonia-plac20,628,577,51,0
2026-09-04T05:24:16+00:00,4,7,od-srody-plac20,467,420,47,0
2026-09-04T05:24:16+00:00,4,7,od-gostynia-staszica,358,318,40,0
2026-09-04T05:24:16+00:00,4,7,od-leszna-most-bp,833,624,209,1
2026-09-04T05:24:16+00:00,4,7,od-czempinia-rondo-ak,600,497,103,0
2026-09-04T05:24:16+00:00,4,7,objazd-gostynska,984,273,711,680
2026-09-04T05:24:16+00:00,4,7,wyjazd-plac20-czmon,646,578,68,1
2026-09-04T05:34:17+00:00,4,7,obwodnica-plac20,221,203,18,0
2026-09-04T05:34:17+00:00,4,7,od-czmonia-plac20,658,618,40,0
2026-09-04T05:34:17+00:00,4,7,od-srody-plac20,585,420,165,134
2026-09-04T05:34:17+00:00,4,7,od-gostynia-staszica,362,318,44,0
2026-09-04T05:34:17+00:00,4,7,od-leszna-most-bp,844,624,220,0
2026-09-04T05:34:17+00:00,4,7,od-czempinia-rondo-ak,660,595,65,0
2026-09-04T05:34:17+00:00,4,7,objazd-gostynska,723,273,450,429
2026-09-04T05:34:17+00:00,4,7,wyjazd-plac20-czmon,647,578,69,0
2026-09-04T05:44:18+00:00,4,7,obwodnica-plac20,222,203,19,0
2026-09-04T05:44:18+00:00,4,7,od-czmonia-plac20,634,577,57,0
2026-09-04T05:44:18+00:00,4,7,od-srody-plac20,469,420,49,0
2026-09-04T05:44:18+00:00,4,7,od-gostynia-staszica,526,318,208,181
2026-09-04T05:44:18+00:00,4,7,od-leszna-most-bp,977,624,353,193
2026-09-04T05:44:18+00:00,4,7,od-czempinia-rondo-ak,667,595,72,0
2026-09-04T05:44:18+00:00,4,7,objazd-gostynska,1232,273,959,943
2026-09-04T05:44:18+00:00,4,7,wyjazd-plac20-czmon,649,581,68,0
2026-09-04T05:54:19+00:00,4,7,obwodnica-plac20,223,203,20,0
2026-09-04T05:54:19+00:00,4,7,od-czmonia-plac20,636,577,59,0
2026-09-04T05:54:19+00:00,4,7,od-srody-plac20,469,420,49,0
2026-09-04T05:54:19+00:00,4,7,od-gostynia-staszica,803,318,485,469
2026-09-04T05:54:19+00:00,4,7,od-leszna-most-bp,1040,624,416,263
2026-09-04T05:54:19+00:00,4,7,od-czempinia-rondo-ak,672,595,77,0
2026-09-04T05:54:19+00:00,4,7,objazd-gostynska,1483,273,1210,1195
2026-09-04T05:54:19+00:00,4,7,wyjazd-plac20-czmon,650,581,69,0
2026-09-04T06:04:16+00:00,4,8,obwodnica-plac20,224,203,21,0
2026-09-04T06:04:16+00:00,4,8,od-czmonia-plac20,637,577,60,0
2026-09-04T06:04:16+00:00,4,8,od-srody-plac20,470,420,50,0
2026-09-04T06:04:16+00:00,4,8,od-gostynia-staszica,749,318,431,400
2026-09-04T06:04:16+00:00,4,8,od-leszna-most-bp,912,624,288,116
2026-09-04T06:04:16+00:00,4,8,od-czempinia-rondo-ak,625,497,128,0
2026-09-04T06:04:16+00:00,4,8,objazd-gostynska,1455,273,1182,1166
2026-09-04T06:04:16+00:00,4,8,wyjazd-plac20-czmon,649,581,68,0
2026-09-04T06:14:19+00:00,4,8,obwodnica-plac20,222,203,19,0
2026-09-04T06:14:19+00:00,4,8,od-czmonia-plac20,635,577,58,0
2026-09-04T06:14:19+00:00,4,8,od-srody-plac20,466,420,46,0
2026-09-04T06:14:19+00:00,4,8,od-gostynia-staszica,371,318,53,0
2026-09-04T06:14:19+00:00,4,8,od-leszna-most-bp,1010,624,386,208
2026-09-04T06:14:19+00:00,4,8,od-czempinia-rondo-ak,680,595,85,0
2026-09-04T06:14:19+00:00,4,8,objazd-gostynska,1388,273,1115,1102
2026-09-04T06:14:19+00:00,4,8,wyjazd-plac20-czmon,713,639,74,0
2026-09-04T06:24:19+00:00,4,8,obwodnica-plac20,231,203,28,12
2026-09-04T06:24:19+00:00,4,8,od-czmonia-plac20,656,618,38,0
2026-09-04T06:24:19+00:00,4,8,od-srody-plac20,614,420,194,172
2026-09-04T06:24:19+00:00,4,8,od-gostynia-staszica,501,318,183,143
2026-09-04T06:24:19+00:00,4,8,od-leszna-most-bp,866,624,242,0
2026-09-04T06:24:19+00:00,4,8,od-czempinia-rondo-ak,680,595,85,0
2026-09-04T06:24:19+00:00,4,8,objazd-gostynska,1293,273,1020,1013
2026-09-04T06:24:19+00:00,4,8,wyjazd-plac20-czmon,647,581,66,2
2026-09-04T06:34:17+00:00,4,8,obwodnica-plac20,218,203,15,0
2026-09-04T06:34:17+00:00,4,8,od-czmonia-plac20,629,577,52,0
2026-09-04T06:34:17+00:00,4,8,od-srody-plac20,459,420,39,0
2026-09-04T06:34:17+00:00,4,8,od-gostynia-staszica,369,318,51,0
2026-09-04T06:34:17+00:00,4,8,od-leszna-most-bp,865,624,241,0
2026-09-04T06:34:17+00:00,4,8,od-czempinia-rondo-ak,624,497,127,0
2026-09-04T06:34:17+00:00,4,8,objazd-gostynska,1008,273,735,701
2026-09-04T06:34:17+00:00,4,8,wyjazd-plac20-czmon,643,581,62,0
2026-09-04T06:44:19+00:00,4,8,obwodnica-plac20,217,203,14,0
2026-09-04T06:44:19+00:00,4,8,od-czmonia-plac20,627,577,50,0
2026-09-04T06:44:19+00:00,4,8,od-srody-plac20,457,420,37,0
2026-09-04T06:44:19+00:00,4,8,od-gostynia-staszica,369,318,51,0
2026-09-04T06:44:19+00:00,4,8,od-leszna-most-bp,861,624,237,0
2026-09-04T06:44:19+00:00,4,8,od-czempinia-rondo-ak,680,595,85,0
2026-09-04T06:44:19+00:00,4,8,objazd-gostynska,893,273,620,604
2026-09-04T06:44:19+00:00,4,8,wyjazd-plac20-czmon,641,581,60,0
2026-09-04T06:54:24+00:00,4,8,obwodnica-plac20,216,203,13,0
2026-09-04T06:54:24+00:00,4,8,od-czmonia-plac20,626,577,49,0
2026-09-04T06:54:24+00:00,4,8,od-srody-plac20,455,420,35,0
2026-09-04T06:54:24+00:00,4,8,od-gostynia-staszica,368,318,50,0
2026-09-04T06:54:24+00:00,4,8,od-leszna-most-bp,856,624,232,0
2026-09-04T06:54:24+00:00,4,8,od-czempinia-rondo-ak,680,595,85,0
2026-09-04T06:54:24+00:00,4,8,objazd-gostynska,770,273,497,479
2026-09-04T06:54:24+00:00,4,8,wyjazd-plac20-czmon,639,581,58,0
2026-09-04T07:04:18+00:00,4,9,obwodnica-plac20,213,203,10,0
2026-09-04T07:04:18+00:00,4,9,od-czmonia-plac20,620,577,43,0
2026-09-04T07:04:18+00:00,4,9,od-srody-plac20,447,420,27,0
2026-09-04T07:04:18+00:00,4,9,od-gostynia-staszica,360,318,42,0
2026-09-04T07:04:18+00:00,4,9,od-leszna-most-bp,826,624,202,0
2026-09-04T07:04:18+00:00,4,9,od-czempinia-rondo-ak,667,595,72,0
2026-09-04T07:04:18+00:00,4,9,objazd-gostynska,322,273,49,0
2026-09-04T07:04:18+00:00,4,9,wyjazd-plac20-czmon,625,581,44,0
2026-09-04T07:14:21+00:00,4,9,obwodnica-plac20,213,203,10,0
2026-09-04T07:14:21+00:00,4,9,od-czmonia-plac20,619,577,42,0
2026-09-04T07:14:21+00:00,4,9,od-srody-plac20,446,420,26,0
2026-09-04T07:14:21+00:00,4,9,od-gostynia-staszica,359,318,41,0
2026-09-04T07:14:21+00:00,4,9,od-leszna-most-bp,826,624,202,0
2026-09-04T07:14:21+00:00,4,9,od-czempinia-rondo-ak,667,595,72,0
2026-09-04T07:14:21+00:00,4,9,objazd-gostynska,497,273,224,191
2026-09-04T07:14:21+00:00,4,9,wyjazd-plac20-czmon,624,581,43,0
2026-09-04T07:24:20+00:00,4,9,obwodnica-plac20,213,203,10,0
2026-09-04T07:24:20+00:00,4,9,od-czmonia-plac20,619,577,42,0
2026-09-04T07:24:20+00:00,4,9,od-srody-plac20,445,420,25,0
2026-09-04T07:24:20+00:00,4,9,od-gostynia-staszica,359,318,41,0
2026-09-04T07:24:20+00:00,4,9,od-leszna-most-bp,826,624,202,0
2026-09-04T07:24:20+00:00,4,9,od-czempinia-rondo-ak,667,595,72,0
2026-09-04T07:24:20+00:00,4,9,objazd-gostynska,524,273,251,219
2026-09-04T07:24:20+00:00,4,9,wyjazd-plac20-czmon,623,581,42,0
2026-09-04T07:34:18+00:00,4,9,obwodnica-plac20,212,203,9,0
2026-09-04T07:34:18+00:00,4,9,od-czmonia-plac20,619,577,42,0
2026-09-04T07:34:18+00:00,4,9,od-srody-plac20,445,420,25,0
2026-09-04T07:34:18+00:00,4,9,od-gostynia-staszica,359,318,41,0
2026-09-04T07:34:18+00:00,4,9,od-leszna-most-bp,826,624,202,0
2026-09-04T07:34:18+00:00,4,9,od-czempinia-rondo-ak,668,595,73,0
2026-09-04T07:34:18+00:00,4,9,objazd-gostynska,480,273,207,169
2026-09-04T07:34:18+00:00,4,9,wyjazd-plac20-czmon,622,581,41,0
2026-09-04T07:44:20+00:00,4,9,obwodnica-plac20,213,203,10,0
2026-09-04T07:44:20+00:00,4,9,od-czmonia-plac20,620,577,43,0
2026-09-04T07:44:20+00:00,4,9,od-srody-plac20,445,420,25,0
2026-09-04T07:44:20+00:00,4,9,od-gostynia-staszica,359,318,41,0
2026-09-04T07:44:20+00:00,4,9,od-leszna-most-bp,827,624,203,0
2026-09-04T07:44:20+00:00,4,9,od-czempinia-rondo-ak,670,595,75,0
2026-09-04T07:44:20+00:00,4,9,objazd-gostynska,319,273,46,0
2026-09-04T07:44:20+00:00,4,9,wyjazd-plac20-czmon,623,581,42,0
2026-09-04T07:54:18+00:00,4,9,obwodnica-plac20,213,203,10,0
2026-09-04T07:54:18+00:00,4,9,od-czmonia-plac20,621,577,44,0
2026-09-04T07:54:18+00:00,4,9,od-srody-plac20,445,420,25,0
2026-09-04T07:54:18+00:00,4,9,od-gostynia-staszica,360,318,42,0
2026-09-04T07:54:18+00:00,4,9,od-leszna-most-bp,829,624,205,0
2026-09-04T07:54:18+00:00,4,9,od-czempinia-rondo-ak,670,595,75,0
2026-09-04T07:54:18+00:00,4,9,objazd-gostynska,319,273,46,0
2026-09-04T07:54:18+00:00,4,9,wyjazd-plac20-czmon,622,581,41,0
2026-09-04T08:14:27+00:00,4,10,obwodnica-plac20,213,203,10,0
2026-09-04T08:14:27+00:00,4,10,od-czmonia-plac20,619,577,42,0
2026-09-04T08:14:27+00:00,4,10,od-srody-plac20,445,420,25,0
2026-09-04T08:14:27+00:00,4,10,od-gostynia-staszica,359,318,41,0
2026-09-04T08:14:27+00:00,4,10,od-leszna-most-bp,821,624,197,0
2026-09-04T08:14:27+00:00,4,10,od-czempinia-rondo-ak,669,595,74,0
2026-09-04T08:14:27+00:00,4,10,objazd-gostynska,318,273,45,0
2026-09-04T08:14:27+00:00,4,10,wyjazd-plac20-czmon,620,581,39,0
2026-09-04T08:32:20+00:00,4,10,obwodnica-plac20,214,203,11,0
2026-09-04T08:32:20+00:00,4,10,od-czmonia-plac20,620,577,43,0
2026-09-04T08:32:20+00:00,4,10,od-srody-plac20,445,420,25,0
2026-09-04T08:32:20+00:00,4,10,od-gostynia-staszica,360,318,42,0
2026-09-04T08:32:20+00:00,4,10,od-leszna-most-bp,824,624,200,0
2026-09-04T08:32:20+00:00,4,10,od-czempinia-rondo-ak,672,595,77,0
2026-09-04T08:32:20+00:00,4,10,objazd-gostynska,484,273,211,179
2026-09-04T08:32:20+00:00,4,10,wyjazd-plac20-czmon,620,581,39,0
2026-09-04T08:52:24+00:00,4,10,obwodnica-plac20,214,203,11,0
2026-09-04T08:52:24+00:00,4,10,od-czmonia-plac20,622,577,45,0
2026-09-04T08:52:24+00:00,4,10,od-srody-plac20,446,420,26,0
2026-09-04T08:52:24+00:00,4,10,od-gostynia-staszica,362,318,44,0
2026-09-04T08:52:24+00:00,4,10,od-leszna-most-bp,831,624,207,2
2026-09-04T08:52:24+00:00,4,10,od-czempinia-rondo-ak,675,595,80,0
2026-09-04T08:52:24+00:00,4,10,objazd-gostynska,321,273,48,0
2026-09-04T08:52:24+00:00,4,10,wyjazd-plac20-czmon,621,581,40,0
2026-09-04T09:12:18+00:00,4,11,obwodnica-plac20,215,203,12,0
2026-09-04T09:12:18+00:00,4,11,od-czmonia-plac20,624,577,47,0
2026-09-04T09:12:18+00:00,4,11,od-srody-plac20,447,420,27,0
2026-09-04T09:12:18+00:00,4,11,od-gostynia-staszica,364,318,46,0
2026-09-04T09:12:18+00:00,4,11,od-leszna-most-bp,836,624,212,0
2026-09-04T09:12:18+00:00,4,11,od-czempinia-rondo-ak,606,497,109,0
2026-09-04T09:12:18+00:00,4,11,objazd-gostynska,324,273,51,0
2026-09-04T09:12:18+00:00,4,11,wyjazd-plac20-czmon,623,581,42,0
2026-09-04T09:32:17+00:00,4,11,obwodnica-plac20,216,203,13,0
2026-09-04T09:32:17+00:00,4,11,od-czmonia-plac20,626,577,49,0
2026-09-04T09:32:17+00:00,4,11,od-srody-plac20,448,420,28,0
2026-09-04T09:32:17+00:00,4,11,od-gostynia-staszica,366,318,48,0
2026-09-04T09:32:17+00:00,4,11,od-leszna-most-bp,840,624,216,0
2026-09-04T09:32:17+00:00,4,11,od-czempinia-rondo-ak,680,595,85,0
2026-09-04T09:32:17+00:00,4,11,objazd-gostynska,439,273,166,127
2026-09-04T09:32:17+00:00,4,11,wyjazd-plac20-czmon,624,581,43,0
2026-09-04T09:52:18+00:00,4,11,obwodnica-plac20,217,203,14,0
2026-09-04T09:52:18+00:00,4,11,od-czmonia-plac20,625,577,48,0
2026-09-04T09:52:18+00:00,4,11,od-srody-plac20,446,420,26,0
2026-09-04T09:52:18+00:00,4,11,od-gostynia-staszica,367,318,49,0
2026-09-04T09:52:18+00:00,4,11,od-leszna-most-bp,840,624,216,0
2026-09-04T09:52:18+00:00,4,11,od-czempinia-rondo-ak,608,497,111,0
2026-09-04T09:52:18+00:00,4,11,objazd-gostynska,548,273,275,240
2026-09-04T09:52:18+00:00,4,11,wyjazd-plac20-czmon,621,581,40,0
2026-09-04T10:12:53+00:00,4,12,obwodnica-plac20,217,203,14,0
2026-09-04T10:12:53+00:00,4,12,od-czmonia-plac20,623,577,46,0
2026-09-04T10:12:53+00:00,4,12,od-srody-plac20,446,420,26,0
2026-09-04T10:12:53+00:00,4,12,od-gostynia-staszica,369,318,51,0
2026-09-04T10:12:53+00:00,4,12,od-leszna-most-bp,842,624,218,0
2026-09-04T10:12:53+00:00,4,12,od-czempinia-rondo-ak,680,595,85,0
2026-09-04T10:12:53+00:00,4,12,objazd-gostynska,330,273,57,0
2026-09-04T10:12:53+00:00,4,12,wyjazd-plac20-czmon,620,581,39,0
2026-09-04T10:32:17+00:00,4,12,obwodnica-plac20,217,203,14,0
2026-09-04T10:32:17+00:00,4,12,od-czmonia-plac20,624,577,47,0
2026-09-04T10:32:17+00:00,4,12,od-srody-plac20,447,420,27,0
2026-09-04T10:32:17+00:00,4,12,od-gostynia-staszica,520,318,202,156
2026-09-04T10:32:17+00:00,4,12,od-leszna-most-bp,842,624,218,0
2026-09-04T10:32:17+00:00,4,12,od-czempinia-rondo-ak,607,497,110,0
2026-09-04T10:32:17+00:00,4,12,objazd-gostynska,331,273,58,0
2026-09-04T10:32:17+00:00,4,12,wyjazd-plac20-czmon,620,581,39,0
2026-09-04T10:52:19+00:00,4,12,obwodnica-plac20,217,203,14,0
2026-09-04T10:52:19+00:00,4,12,od-czmonia-plac20,624,577,47,0
2026-09-04T10:52:19+00:00,4,12,od-srody-plac20,447,420,27,0
2026-09-04T10:52:19+00:00,4,12,od-gostynia-staszica,371,318,53,0
2026-09-04T10:52:19+00:00,4,12,od-leszna-most-bp,842,624,218,0
2026-09-04T10:52:19+00:00,4,12,od-czempinia-rondo-ak,678,595,83,0
2026-09-04T10:52:19+00:00,4,12,objazd-gostynska,501,273,228,192
2026-09-04T10:52:19+00:00,4,12,wyjazd-plac20-czmon,620,581,39,0
2026-09-04T11:12:19+00:00,4,13,obwodnica-plac20,220,203,17,0
2026-09-04T11:12:19+00:00,4,13,od-czmonia-plac20,630,577,53,0
2026-09-04T11:12:19+00:00,4,13,od-srody-plac20,451,420,31,0
2026-09-04T11:12:19+00:00,4,13,od-gostynia-staszica,375,318,57,0
2026-09-04T11:12:19+00:00,4,13,od-leszna-most-bp,1042,751,291,0
2026-09-04T11:12:19+00:00,4,13,od-czempinia-rondo-ak,684,595,89,0
2026-09-04T11:12:19+00:00,4,13,objazd-gostynska,683,273,410,388
2026-09-04T11:12:19+00:00,4,13,wyjazd-plac20-czmon,627,581,46,0
2026-09-04T11:32:17+00:00,4,13,obwodnica-plac20,220,203,17,0
2026-09-04T11:32:17+00:00,4,13,od-czmonia-plac20,631,577,54,0
2026-09-04T11:32:17+00:00,4,13,od-srody-plac20,452,420,32,0
2026-09-04T11:32:17+00:00,4,13,od-gostynia-staszica,497,318,179,131
2026-09-04T11:32:17+00:00,4,13,od-leszna-most-bp,855,624,231,0
2026-09-04T11:32:17+00:00,4,13,od-czempinia-rondo-ak,686,595,91,0
2026-09-04T11:32:17+00:00,4,13,objazd-gostynska,953,273,680,672
2026-09-04T11:32:17+00:00,4,13,wyjazd-plac20-czmon,628,581,47,0
2026-09-04T11:52:21+00:00,4,13,obwodnica-plac20,221,203,18,0
2026-09-04T11:52:21+00:00,4,13,od-czmonia-plac20,635,577,58,0
2026-09-04T11:52:21+00:00,4,13,od-srody-plac20,454,420,34,0
2026-09-04T11:52:21+00:00,4,13,od-gostynia-staszica,560,318,242,208
2026-09-04T11:52:21+00:00,4,13,od-leszna-most-bp,1047,711,336,178
2026-09-04T11:52:21+00:00,4,13,od-czempinia-rondo-ak,688,595,93,0
2026-09-04T11:52:21+00:00,4,13,objazd-gostynska,936,273,663,647
2026-09-04T11:52:21+00:00,4,13,wyjazd-plac20-czmon,687,639,48,0
2026-09-04T12:04:18+00:00,4,14,obwodnica-plac20,223,203,20,0
2026-09-04T12:04:18+00:00,4,14,od-czmonia-plac20,640,577,63,0
2026-09-04T12:04:18+00:00,4,14,od-srody-plac20,457,420,37,0
2026-09-04T12:04:18+00:00,4,14,od-gostynia-staszica,690,318,372,337
2026-09-04T12:04:18+00:00,4,14,od-leszna-most-bp,1001,711,290,97
2026-09-04T12:04:18+00:00,4,14,od-czempinia-rondo-ak,696,595,101,0
2026-09-04T12:04:18+00:00,4,14,objazd-gostynska,1048,273,775,758
2026-09-04T12:04:18+00:00,4,14,wyjazd-plac20-czmon,705,655,50,0
2026-09-04T12:14:17+00:00,4,14,obwodnica-plac20,224,203,21,0
2026-09-04T12:14:17+00:00,4,14,od-czmonia-plac20,770,618,152,112
2026-09-04T12:14:17+00:00,4,14,od-srody-plac20,639,420,219,183
2026-09-04T12:14:17+00:00,4,14,od-gostynia-staszica,881,318,563,530
2026-09-04T12:14:17+00:00,4,14,od-leszna-most-bp,972,711,261,3
2026-09-04T12:14:17+00:00,4,14,od-czempinia-rondo-ak,628,497,131,0
2026-09-04T12:14:17+00:00,4,14,objazd-gostynska,1057,273,784,738
2026-09-04T12:14:17+00:00,4,14,wyjazd-plac20-czmon,706,655,51,0
2026-09-04T12:24:19+00:00,4,14,obwodnica-plac20,237,203,34,14
2026-09-04T12:24:19+00:00,4,14,od-czmonia-plac20,659,618,41,0
2026-09-04T12:24:19+00:00,4,14,od-srody-plac20,816,420,396,370
2026-09-04T12:24:19+00:00,4,14,od-gostynia-staszica,946,882,64,0
2026-09-04T12:24:19+00:00,4,14,od-leszna-most-bp,992,711,281,19
2026-09-04T12:24:19+00:00,4,14,od-czempinia-rondo-ak,700,595,105,0
2026-09-04T12:24:19+00:00,4,14,objazd-gostynska,1327,377,950,904
2026-09-04T12:24:19+00:00,4,14,wyjazd-plac20-czmon,724,655,69,18
2026-09-04T12:34:19+00:00,4,14,obwodnica-plac20,250,203,47,25
2026-09-04T12:34:19+00:00,4,14,od-czmonia-plac20,660,618,42,0
2026-09-04T12:34:19+00:00,4,14,od-srody-plac20,587,554,33,0
2026-09-04T12:34:19+00:00,4,14,od-gostynia-staszica,947,882,65,0
2026-09-04T12:34:19+00:00,4,14,od-leszna-most-bp,1004,711,293,26
2026-09-04T12:34:19+00:00,4,14,od-czempinia-rondo-ak,701,595,106,0
2026-09-04T12:34:19+00:00,4,14,objazd-gostynska,793,273,520,473
2026-09-04T12:34:19+00:00,4,14,wyjazd-plac20-czmon,711,655,56,5
2026-09-04T12:44:19+00:00,4,14,obwodnica-plac20,234,203,31,7
2026-09-04T12:44:19+00:00,4,14,od-czmonia-plac20,662,618,44,0
2026-09-04T12:44:19+00:00,4,14,od-srody-plac20,677,420,257,228
2026-09-04T12:44:19+00:00,4,14,od-gostynia-staszica,819,318,501,473
2026-09-04T12:44:19+00:00,4,14,od-leszna-most-bp,1016,711,305,89
2026-09-04T12:44:19+00:00,4,14,od-czempinia-rondo-ak,704,595,109,0
2026-09-04T12:44:19+00:00,4,14,objazd-gostynska,1326,377,949,931
2026-09-04T12:44:19+00:00,4,14,wyjazd-plac20-czmon,704,639,65,11
2026-09-04T12:54:18+00:00,4,14,obwodnica-plac20,272,203,69,45
2026-09-04T12:54:18+00:00,4,14,od-czmonia-plac20,663,618,45,0
2026-09-04T12:54:18+00:00,4,14,od-srody-plac20,590,554,36,0
2026-09-04T12:54:18+00:00,4,14,od-gostynia-staszica,548,318,230,162
2026-09-04T12:54:18+00:00,4,14,od-leszna-most-bp,1104,711,393,199
2026-09-04T12:54:18+00:00,4,14,od-czempinia-rondo-ak,635,497,138,0
2026-09-04T12:54:18+00:00,4,14,objazd-gostynska,1222,273,949,932
2026-09-04T12:54:18+00:00,4,14,wyjazd-plac20-czmon,708,639,69,15
2026-09-04T13:04:18+00:00,4,15,obwodnica-plac20,237,203,34,6
2026-09-04T13:04:18+00:00,4,15,od-czmonia-plac20,666,618,48,0
2026-09-04T13:04:18+00:00,4,15,od-srody-plac20,659,420,239,207
2026-09-04T13:04:18+00:00,4,15,od-gostynia-staszica,540,318,222,147
2026-09-04T13:04:18+00:00,4,15,od-leszna-most-bp,1057,711,346,126
2026-09-04T13:04:18+00:00,4,15,od-czempinia-rondo-ak,714,595,119,0
2026-09-04T13:04:18+00:00,4,15,objazd-gostynska,1435,377,1058,1038
2026-09-04T13:04:18+00:00,4,15,wyjazd-plac20-czmon,713,639,74,15
2026-09-04T13:14:20+00:00,4,15,obwodnica-plac20,276,203,73,45
2026-09-04T13:14:20+00:00,4,15,od-czmonia-plac20,666,618,48,0
2026-09-04T13:14:20+00:00,4,15,od-srody-plac20,690,502,188,143
2026-09-04T13:14:20+00:00,4,15,od-gostynia-staszica,867,318,549,533
2026-09-04T13:14:20+00:00,4,15,od-leszna-most-bp,1058,711,347,49
2026-09-04T13:14:20+00:00,4,15,od-czempinia-rondo-ak,715,595,120,0
2026-09-04T13:14:20+00:00,4,15,objazd-gostynska,1253,273,980,960
2026-09-04T13:14:20+00:00,4,15,wyjazd-plac20-czmon,723,655,68,8
2026-09-04T13:24:20+00:00,4,15,obwodnica-plac20,235,203,32,4
2026-09-04T13:24:20+00:00,4,15,od-czmonia-plac20,665,618,47,0
2026-09-04T13:24:20+00:00,4,15,od-srody-plac20,598,420,178,145
2026-09-04T13:24:20+00:00,4,15,od-gostynia-staszica,758,318,440,397
2026-09-04T13:24:20+00:00,4,15,od-leszna-most-bp,1172,711,461,164
2026-09-04T13:24:20+00:00,4,15,od-czempinia-rondo-ak,715,595,120,0
2026-09-04T13:24:20+00:00,4,15,objazd-gostynska,1268,273,995,975
2026-09-04T13:24:20+00:00,4,15,wyjazd-plac20-czmon,872,655,217,158
2026-09-04T13:34:21+00:00,4,15,obwodnica-plac20,262,203,59,32
2026-09-04T13:34:21+00:00,4,15,od-czmonia-plac20,665,618,47,0
2026-09-04T13:34:21+00:00,4,15,od-srody-plac20,592,554,38,0
2026-09-04T13:34:21+00:00,4,15,od-gostynia-staszica,416,318,98,0
2026-09-04T13:34:21+00:00,4,15,od-leszna-most-bp,1045,711,334,36
2026-09-04T13:34:21+00:00,4,15,od-czempinia-rondo-ak,715,595,120,0
2026-09-04T13:34:21+00:00,4,15,objazd-gostynska,1129,273,856,780
2026-09-04T13:34:21+00:00,4,15,wyjazd-plac20-czmon,720,639,81,20
2026-09-04T13:44:17+00:00,4,15,obwodnica-plac20,254,203,51,25
2026-09-04T13:44:17+00:00,4,15,od-czmonia-plac20,665,618,47,0
2026-09-04T13:44:17+00:00,4,15,od-srody-plac20,790,420,370,338
2026-09-04T13:44:17+00:00,4,15,od-gostynia-staszica,501,318,183,126
2026-09-04T13:44:17+00:00,4,15,od-leszna-most-bp,1047,711,336,36
2026-09-04T13:44:17+00:00,4,15,od-czempinia-rondo-ak,716,595,121,0
2026-09-04T13:44:17+00:00,4,15,objazd-gostynska,1187,467,720,677
2026-09-04T13:44:17+00:00,4,15,wyjazd-plac20-czmon,775,639,136,74
2026-09-04T13:54:17+00:00,4,15,obwodnica-plac20,274,203,71,45
2026-09-04T13:54:17+00:00,4,15,od-czmonia-plac20,666,618,48,0
2026-09-04T13:54:17+00:00,4,15,od-srody-plac20,592,554,38,0
2026-09-04T13:54:17+00:00,4,15,od-gostynia-staszica,546,318,228,147
2026-09-04T13:54:17+00:00,4,15,od-leszna-most-bp,1056,711,345,48
2026-09-04T13:54:17+00:00,4,15,od-czempinia-rondo-ak,717,595,122,0
2026-09-04T13:54:17+00:00,4,15,objazd-gostynska,891,273,618,562
2026-09-04T13:54:17+00:00,4,15,wyjazd-plac20-czmon,722,639,83,20
2026-09-04T14:04:18+00:00,4,16,obwodnica-plac20,229,203,26,0
2026-09-04T14:04:18+00:00,4,16,od-czmonia-plac20,664,618,46,0
2026-09-04T14:04:18+00:00,4,16,od-srody-plac20,466,420,46,0
2026-09-04T14:04:18+00:00,4,16,od-gostynia-staszica,561,318,243,162
2026-09-04T14:04:18+00:00,4,16,od-leszna-most-bp,1005,711,294,4
2026-09-04T14:04:18+00:00,4,16,od-czempinia-rondo-ak,714,595,119,0
2026-09-04T14:04:18+00:00,4,16,objazd-gostynska,1397,273,1124,1102
2026-09-04T14:04:18+00:00,4,16,wyjazd-plac20-czmon,720,639,81,20
2026-09-04T14:14:19+00:00,4,16,obwodnica-plac20,273,203,70,45
2026-09-04T14:14:19+00:00,4,16,od-czmonia-plac20,664,618,46,0
2026-09-04T14:14:19+00:00,4,16,od-srody-plac20,790,420,370,339
2026-09-04T14:14:19+00:00,4,16,od-gostynia-staszica,417,318,99,0
2026-09-04T14:14:19+00:00,4,16,od-leszna-most-bp,1087,711,376,163
2026-09-04T14:14:19+00:00,4,16,od-czempinia-rondo-ak,642,497,145,0
2026-09-04T14:14:19+00:00,4,16,objazd-gostynska,1333,273,1060,1040
2026-09-04T14:14:19+00:00,4,16,wyjazd-plac20-czmon,723,655,68,8
2026-09-04T14:24:18+00:00,4,16,obwodnica-plac20,248,203,45,20
2026-09-04T14:24:18+00:00,4,16,od-czmonia-plac20,664,618,46,0
2026-09-04T14:24:18+00:00,4,16,od-srody-plac20,608,420,188,157
2026-09-04T14:24:18+00:00,4,16,od-gostynia-staszica,416,318,98,0
2026-09-04T14:24:18+00:00,4,16,od-leszna-most-bp,1018,711,307,25
2026-09-04T14:24:18+00:00,4,16,od-czempinia-rondo-ak,711,595,116,0
2026-09-04T14:24:18+00:00,4,16,objazd-gostynska,1366,377,989,933
2026-09-04T14:24:18+00:00,4,16,wyjazd-plac20-czmon,856,655,201,142
2026-09-04T14:34:19+00:00,4,16,obwodnica-plac20,260,203,57,32
2026-09-04T14:34:19+00:00,4,16,od-czmonia-plac20,664,618,46,0
2026-09-04T14:34:19+00:00,4,16,od-srody-plac20,590,554,36,0
2026-09-04T14:34:19+00:00,4,16,od-gostynia-staszica,413,318,95,0
2026-09-04T14:34:19+00:00,4,16,od-leszna-most-bp,1242,711,531,255
2026-09-04T14:34:19+00:00,4,16,od-czempinia-rondo-ak,639,497,142,0
2026-09-04T14:34:19+00:00,4,16,objazd-gostynska,1302,273,1029,1011
2026-09-04T14:34:19+00:00,4,16,wyjazd-plac20-czmon,1092,655,437,380
2026-09-04T14:44:19+00:00,4,16,obwodnica-plac20,227,203,24,0
2026-09-04T14:44:19+00:00,4,16,od-czmonia-plac20,663,618,45,0
2026-09-04T14:44:19+00:00,4,16,od-srody-plac20,463,420,43,0
2026-09-04T14:44:19+00:00,4,16,od-gostynia-staszica,411,318,93,0
2026-09-04T14:44:19+00:00,4,16,od-leszna-most-bp,1205,711,494,223
2026-09-04T14:44:19+00:00,4,16,od-czempinia-rondo-ak,635,497,138,0
2026-09-04T14:44:19+00:00,4,16,objazd-gostynska,961,273,688,622
2026-09-04T14:44:19+00:00,4,16,wyjazd-plac20-czmon,935,655,280,221
2026-09-04T14:54:19+00:00,4,16,obwodnica-plac20,271,203,68,45
2026-09-04T14:54:19+00:00,4,16,od-czmonia-plac20,726,618,108,64
2026-09-04T14:54:19+00:00,4,16,od-srody-plac20,787,420,367,339
2026-09-04T14:54:19+00:00,4,16,od-gostynia-staszica,407,318,89,0
2026-09-04T14:54:19+00:00,4,16,od-leszna-most-bp,1024,711,313,46
2026-09-04T14:54:19+00:00,4,16,od-czempinia-rondo-ak,633,497,136,0
2026-09-04T14:54:19+00:00,4,16,objazd-gostynska,863,273,590,566
2026-09-04T14:54:19+00:00,4,16,wyjazd-plac20-czmon,775,639,136,74
2026-09-04T15:04:20+00:00,4,17,obwodnica-plac20,222,203,19,0
2026-09-04T15:04:20+00:00,4,17,od-czmonia-plac20,652,618,34,0
2026-09-04T15:04:20+00:00,4,17,od-srody-plac20,453,420,33,0
2026-09-04T15:04:20+00:00,4,17,od-gostynia-staszica,391,318,73,0
2026-09-04T15:04:20+00:00,4,17,od-leszna-most-bp,935,711,224,3
2026-09-04T15:04:20+00:00,4,17,od-czempinia-rondo-ak,609,497,112,0
2026-09-04T15:04:20+00:00,4,17,objazd-gostynska,989,273,716,699
2026-09-04T15:04:20+00:00,4,17,wyjazd-plac20-czmon,702,655,47,0
2026-09-04T15:14:21+00:00,4,17,obwodnica-plac20,221,203,18,0
2026-09-04T15:14:21+00:00,4,17,od-czmonia-plac20,650,618,32,0
2026-09-04T15:14:21+00:00,4,17,od-srody-plac20,451,420,31,0
2026-09-04T15:14:21+00:00,4,17,od-gostynia-staszica,387,318,69,0
2026-09-04T15:14:21+00:00,4,17,od-leszna-most-bp,924,711,213,2
2026-09-04T15:14:21+00:00,4,17,od-czempinia-rondo-ak,678,595,83,0
2026-09-04T15:14:21+00:00,4,17,objazd-gostynska,799,273,526,477
2026-09-04T15:14:21+00:00,4,17,wyjazd-plac20-czmon,703,639,64,15
2026-09-04T15:24:18+00:00,4,17,obwodnica-plac20,220,203,17,0
2026-09-04T15:24:18+00:00,4,17,od-czmonia-plac20,628,577,51,0
2026-09-04T15:24:18+00:00,4,17,od-srody-plac20,450,420,30,0
2026-09-04T15:24:18+00:00,4,17,od-gostynia-staszica,383,318,65,0
2026-09-04T15:24:18+00:00,4,17,od-leszna-most-bp,916,711,205,0
2026-09-04T15:24:18+00:00,4,17,od-czempinia-rondo-ak,600,497,103,0
2026-09-04T15:24:18+00:00,4,17,objazd-gostynska,599,273,326,276
2026-09-04T15:24:18+00:00,4,17,wyjazd-plac20-czmon,700,655,45,0
2026-09-04T15:34:20+00:00,4,17,obwodnica-plac20,219,203,16,0
2026-09-04T15:34:20+00:00,4,17,od-czmonia-plac20,648,618,30,0
2026-09-04T15:34:20+00:00,4,17,od-srody-plac20,448,420,28,0
2026-09-04T15:34:20+00:00,4,17,od-gostynia-staszica,378,318,60,0
2026-09-04T15:34:20+00:00,4,17,od-leszna-most-bp,909,711,198,0
2026-09-04T15:34:20+00:00,4,17,od-czempinia-rondo-ak,673,595,78,0
2026-09-04T15:34:20+00:00,4,17,objazd-gostynska,653,273,380,358
2026-09-04T15:34:20+00:00,4,17,wyjazd-plac20-czmon,699,639,60,15
2026-09-04T15:44:17+00:00,4,17,obwodnica-plac20,218,203,15,0
2026-09-04T15:44:17+00:00,4,17,od-czmonia-plac20,623,577,46,0
2026-09-04T15:44:17+00:00,4,17,od-srody-plac20,446,420,26,0
2026-09-04T15:44:17+00:00,4,17,od-gostynia-staszica,374,318,56,0
2026-09-04T15:44:17+00:00,4,17,od-leszna-most-bp,815,624,191,0
2026-09-04T15:44:17+00:00,4,17,od-czempinia-rondo-ak,669,595,74,0
2026-09-04T15:44:17+00:00,4,17,objazd-gostynska,813,273,540,523
2026-09-04T15:44:17+00:00,4,17,wyjazd-plac20-czmon,627,581,46,0
2026-09-04T15:54:19+00:00,4,17,obwodnica-plac20,217,203,14,0
2026-09-04T15:54:19+00:00,4,17,od-czmonia-plac20,618,577,41,0
2026-09-04T15:54:19+00:00,4,17,od-srody-plac20,444,420,24,0
2026-09-04T15:54:19+00:00,4,17,od-gostynia-staszica,370,318,52,0
2026-09-04T15:54:19+00:00,4,17,od-leszna-most-bp,854,624,230,95
2026-09-04T15:54:19+00:00,4,17,od-czempinia-rondo-ak,587,497,90,0
2026-09-04T15:54:19+00:00,4,17,objazd-gostynska,945,273,672,656
2026-09-04T15:54:19+00:00,4,17,wyjazd-plac20-czmon,624,581,43,0
2026-09-04T16:12:19+00:00,4,18,obwodnica-plac20,212,203,9,0
2026-09-04T16:12:19+00:00,4,18,od-czmonia-plac20,606,577,29,0
2026-09-04T16:12:19+00:00,4,18,od-srody-plac20,436,420,16,0
2026-09-04T16:12:19+00:00,4,18,od-gostynia-staszica,356,318,38,0
2026-09-04T16:12:19+00:00,4,18,od-leszna-most-bp,762,624,138,0
2026-09-04T16:12:19+00:00,4,18,od-czempinia-rondo-ak,569,497,72,0
2026-09-04T16:12:19+00:00,4,18,objazd-gostynska,872,273,599,587
2026-09-04T16:12:19+00:00,4,18,wyjazd-plac20-czmon,610,581,29,0
2026-09-04T16:32:18+00:00,4,18,obwodnica-plac20,210,203,7,0
2026-09-04T16:32:18+00:00,4,18,od-czmonia-plac20,601,577,24,0
2026-09-04T16:32:18+00:00,4,18,od-srody-plac20,434,420,14,0
2026-09-04T16:32:18+00:00,4,18,od-gostynia-staszica,351,318,33,0
2026-09-04T16:32:18+00:00,4,18,od-leszna-most-bp,750,624,126,1
2026-09-04T16:32:18+00:00,4,18,od-czempinia-rondo-ak,640,595,45,0
2026-09-04T16:32:18+00:00,4,18,objazd-gostynska,554,273,281,260
2026-09-04T16:32:18+00:00,4,18,wyjazd-plac20-czmon,606,581,25,0
2026-09-04T16:52:53+00:00,4,18,obwodnica-plac20,209,203,6,0
2026-09-04T16:52:53+00:00,4,18,od-czmonia-plac20,595,577,18,0
2026-09-04T16:52:53+00:00,4,18,od-srody-plac20,430,420,10,0
2026-09-04T16:52:53+00:00,4,18,od-gostynia-staszica,345,318,27,0
2026-09-04T16:52:53+00:00,4,18,od-leszna-most-bp,733,624,109,0
2026-09-04T16:52:53+00:00,4,18,od-czempinia-rondo-ak,553,497,56,0
2026-09-04T16:52:53+00:00,4,18,objazd-gostynska,305,273,32,0
2026-09-04T16:52:53+00:00,4,18,wyjazd-plac20-czmon,599,581,18,0
2026-09-04T17:12:20+00:00,4,19,obwodnica-plac20,211,203,8,0
2026-09-04T17:12:20+00:00,4,19,od-czmonia-plac20,603,577,26,0
2026-09-04T17:12:20+00:00,4,19,od-srody-plac20,435,420,15,0
2026-09-04T17:12:20+00:00,4,19,od-gostynia-staszica,349,318,31,0
2026-09-04T17:12:20+00:00,4,19,od-leszna-most-bp,734,624,110,0
2026-09-04T17:12:20+00:00,4,19,od-czempinia-rondo-ak,557,497,60,0
2026-09-04T17:12:20+00:00,4,19,objazd-gostynska,306,273,33,0
2026-09-04T17:12:20+00:00,4,19,wyjazd-plac20-czmon,609,581,28,0
2026-09-04T17:32:19+00:00,4,19,obwodnica-plac20,210,203,7,0
2026-09-04T17:32:19+00:00,4,19,od-czmonia-plac20,598,577,21,0
2026-09-04T17:32:19+00:00,4,19,od-srody-plac20,433,420,13,0
2026-09-04T17:32:19+00:00,4,19,od-gostynia-staszica,344,318,26,0
2026-09-04T17:32:19+00:00,4,19,od-leszna-most-bp,719,624,95,0
2026-09-04T17:32:19+00:00,4,19,od-czempinia-rondo-ak,633,595,38,0
2026-09-04T17:32:19+00:00,4,19,objazd-gostynska,301,273,28,0
2026-09-04T17:32:19+00:00,4,19,wyjazd-plac20-czmon,605,581,24,0
2026-09-04T17:52:16+00:00,4,19,obwodnica-plac20,209,203,6,0
2026-09-04T17:52:16+00:00,4,19,od-czmonia-plac20,596,577,19,0
2026-09-04T17:52:16+00:00,4,19,od-srody-plac20,432,420,12,0
2026-09-04T17:52:16+00:00,4,19,od-gostynia-staszica,341,318,23,0
2026-09-04T17:52:16+00:00,4,19,od-leszna-most-bp,706,624,82,0
2026-09-04T17:52:16+00:00,4,19,od-czempinia-rondo-ak,628,595,33,0
2026-09-04T17:52:16+00:00,4,19,objazd-gostynska,296,273,23,0
2026-09-04T17:52:16+00:00,4,19,wyjazd-plac20-czmon,601,581,20,0
2026-09-05T04:04:17+00:00,5,6,obwodnica-plac20,224,203,21,0
2026-09-05T04:04:17+00:00,5,6,od-czmonia-plac20,598,577,21,0
2026-09-05T04:04:17+00:00,5,6,od-srody-plac20,441,420,21,0
2026-09-05T04:04:17+00:00,5,6,od-gostynia-staszica,322,318,4,0
2026-09-05T04:04:17+00:00,5,6,od-leszna-most-bp,638,624,14,0
2026-09-05T04:04:17+00:00,5,6,od-czempinia-rondo-ak,576,497,79,72
2026-09-05T04:04:17+00:00,5,6,objazd-gostynska,278,273,5,0
2026-09-05T04:04:17+00:00,5,6,wyjazd-plac20-czmon,582,578,4,0
2026-09-05T04:14:17+00:00,5,6,obwodnica-plac20,224,203,21,0
2026-09-05T04:14:17+00:00,5,6,od-czmonia-plac20,598,577,21,0
2026-09-05T04:14:17+00:00,5,6,od-srody-plac20,440,420,20,0
2026-09-05T04:14:17+00:00,5,6,od-gostynia-staszica,322,318,4,0
2026-09-05T04:14:17+00:00,5,6,od-leszna-most-bp,640,624,16,0
2026-09-05T04:14:17+00:00,5,6,od-czempinia-rondo-ak,577,497,80,72
2026-09-05T04:14:17+00:00,5,6,objazd-gostynska,278,273,5,0
2026-09-05T04:14:17+00:00,5,6,wyjazd-plac20-czmon,583,578,5,0
2026-09-05T04:24:15+00:00,5,6,obwodnica-plac20,223,203,20,0
2026-09-05T04:24:15+00:00,5,6,od-czmonia-plac20,595,577,18,0
2026-09-05T04:24:15+00:00,5,6,od-srody-plac20,438,420,18,0
2026-09-05T04:24:15+00:00,5,6,od-gostynia-staszica,322,318,4,0
2026-09-05T04:24:15+00:00,5,6,od-leszna-most-bp,643,624,19,0
2026-09-05T04:24:15+00:00,5,6,od-czempinia-rondo-ak,603,595,8,0
2026-09-05T04:24:15+00:00,5,6,objazd-gostynska,279,273,6,0
2026-09-05T04:24:15+00:00,5,6,wyjazd-plac20-czmon,584,578,6,0
2026-09-05T04:34:16+00:00,5,6,obwodnica-plac20,221,203,18,0
2026-09-05T04:34:16+00:00,5,6,od-czmonia-plac20,594,577,17,0
2026-09-05T04:34:16+00:00,5,6,od-srody-plac20,436,420,16,0
2026-09-05T04:34:16+00:00,5,6,od-gostynia-staszica,323,318,5,0
2026-09-05T04:34:16+00:00,5,6,od-leszna-most-bp,648,624,24,0
2026-09-05T04:34:16+00:00,5,6,od-czempinia-rondo-ak,507,497,10,0
2026-09-05T04:34:16+00:00,5,6,objazd-gostynska,280,273,7,0
2026-09-05T04:34:16+00:00,5,6,wyjazd-plac20-czmon,586,578,8,0
2026-09-05T04:44:19+00:00,5,6,obwodnica-plac20,219,203,16,0
2026-09-05T04:44:19+00:00,5,6,od-czmonia-plac20,592,577,15,0
2026-09-05T04:44:19+00:00,5,6,od-srody-plac20,434,420,14,0
2026-09-05T04:44:19+00:00,5,6,od-gostynia-staszica,325,318,7,0
2026-09-05T04:44:19+00:00,5,6,od-leszna-most-bp,653,624,29,0
2026-09-05T04:44:19+00:00,5,6,od-czempinia-rondo-ak,509,497,12,0
2026-09-05T04:44:19+00:00,5,6,objazd-gostynska,281,273,8,0
2026-09-05T04:44:19+00:00,5,6,wyjazd-plac20-czmon,588,578,10,0
2026-09-05T04:54:16+00:00,5,6,obwodnica-plac20,216,203,13,0
2026-09-05T04:54:16+00:00,5,6,od-czmonia-plac20,590,577,13,0
2026-09-05T04:54:16+00:00,5,6,od-srody-plac20,432,420,12,0
2026-09-05T04:54:16+00:00,5,6,od-gostynia-staszica,325,318,7,0
2026-09-05T04:54:16+00:00,5,6,od-leszna-most-bp,658,624,34,0
2026-09-05T04:54:16+00:00,5,6,od-czempinia-rondo-ak,510,497,13,0
2026-09-05T04:54:16+00:00,5,6,objazd-gostynska,282,273,9,0
2026-09-05T04:54:16+00:00,5,6,wyjazd-plac20-czmon,585,581,4,0
2026-09-05T05:04:18+00:00,5,7,obwodnica-plac20,213,203,10,0
2026-09-05T05:04:18+00:00,5,7,od-czmonia-plac20,583,577,6,0
2026-09-05T05:04:18+00:00,5,7,od-srody-plac20,427,420,7,0
2026-09-05T05:04:18+00:00,5,7,od-gostynia-staszica,322,318,4,0
2026-09-05T05:04:18+00:00,5,7,od-leszna-most-bp,658,624,34,0
2026-09-05T05:04:18+00:00,5,7,od-czempinia-rondo-ak,579,497,82,72
2026-09-05T05:04:18+00:00,5,7,objazd-gostynska,280,273,7,0
2026-09-05T05:04:18+00:00,5,7,wyjazd-plac20-czmon,579,581,0,0
2026-09-05T05:14:17+00:00,5,7,obwodnica-plac20,211,203,8,0
2026-09-05T05:14:17+00:00,5,7,od-czmonia-plac20,581,577,4,0
2026-09-05T05:14:17+00:00,5,7,od-srody-plac20,425,420,5,0
2026-09-05T05:14:17+00:00,5,7,od-gostynia-staszica,324,318,6,0
2026-09-05T05:14:17+00:00,5,7,od-leszna-most-bp,666,624,42,0
2026-09-05T05:14:17+00:00,5,7,od-czempinia-rondo-ak,571,497,74,61
2026-09-05T05:14:17+00:00,5,7,objazd-gostynska,281,273,8,0
2026-09-05T05:14:17+00:00,5,7,wyjazd-plac20-czmon,580,581,0,0
2026-09-05T05:24:17+00:00,5,7,obwodnica-plac20,210,203,7,0
2026-09-05T05:24:17+00:00,5,7,od-czmonia-plac20,581,577,4,0
2026-09-05T05:24:17+00:00,5,7,od-srody-plac20,425,420,5,0
2026-09-05T05:24:17+00:00,5,7,od-gostynia-staszica,325,318,7,0
2026-09-05T05:24:17+00:00,5,7,od-leszna-most-bp,672,624,48,0
2026-09-05T05:24:17+00:00,5,7,od-czempinia-rondo-ak,604,595,9,0
2026-09-05T05:24:17+00:00,5,7,objazd-gostynska,282,273,9,0
2026-09-05T05:24:17+00:00,5,7,wyjazd-plac20-czmon,580,581,0,0
2026-09-05T05:34:17+00:00,5,7,obwodnica-plac20,210,203,7,0
2026-09-05T05:34:17+00:00,5,7,od-czmonia-plac20,580,577,3,0
2026-09-05T05:34:17+00:00,5,7,od-srody-plac20,424,420,4,0
2026-09-05T05:34:17+00:00,5,7,od-gostynia-staszica,326,318,8,0
2026-09-05T05:34:17+00:00,5,7,od-leszna-most-bp,681,624,57,0
2026-09-05T05:34:17+00:00,5,7,od-czempinia-rondo-ak,606,595,11,0
2026-09-05T05:34:17+00:00,5,7,objazd-gostynska,282,273,9,0
2026-09-05T05:34:17+00:00,5,7,wyjazd-plac20-czmon,581,581,0,0
2026-09-05T05:44:17+00:00,5,7,obwodnica-plac20,209,203,6,0
2026-09-05T05:44:17+00:00,5,7,od-czmonia-plac20,581,577,4,0
2026-09-05T05:44:17+00:00,5,7,od-srody-plac20,424,420,4,0
2026-09-05T05:44:17+00:00,5,7,od-gostynia-staszica,328,318,10,0
2026-09-05T05:44:17+00:00,5,7,od-leszna-most-bp,689,624,65,0
2026-09-05T05:44:17+00:00,5,7,od-czempinia-rondo-ak,519,497,22,0
2026-09-05T05:44:17+00:00,5,7,objazd-gostynska,283,273,10,0
2026-09-05T05:44:17+00:00,5,7,wyjazd-plac20-czmon,583,581,2,0
2026-09-05T05:54:17+00:00,5,7,obwodnica-plac20,209,203,6,0
2026-09-05T05:54:17+00:00,5,7,od-czmonia-plac20,581,577,4,0
2026-09-05T05:54:17+00:00,5,7,od-srody-plac20,424,420,4,0
2026-09-05T05:54:17+00:00,5,7,od-gostynia-staszica,328,318,10,0
2026-09-05T05:54:17+00:00,5,7,od-leszna-most-bp,697,624,73,0
2026-09-05T05:54:17+00:00,5,7,od-czempinia-rondo-ak,609,595,14,0
2026-09-05T05:54:17+00:00,5,7,objazd-gostynska,284,273,11,0
2026-09-05T05:54:17+00:00,5,7,wyjazd-plac20-czmon,584,581,3,0
2026-09-05T06:04:18+00:00,5,8,obwodnica-plac20,209,203,6,0
2026-09-05T06:04:18+00:00,5,8,od-czmonia-plac20,582,577,5,0
2026-09-05T06:04:18+00:00,5,8,od-srody-plac20,424,420,4,0
2026-09-05T06:04:18+00:00,5,8,od-gostynia-staszica,330,318,12,0
2026-09-05T06:04:18+00:00,5,8,od-leszna-most-bp,702,624,78,0
2026-09-05T06:04:18+00:00,5,8,od-czempinia-rondo-ak,596,497,99,72
2026-09-05T06:04:18+00:00,5,8,objazd-gostynska,285,273,12,0
2026-09-05T06:04:18+00:00,5,8,wyjazd-plac20-czmon,586,581,5,0
2026-09-05T06:14:20+00:00,5,8,obwodnica-plac20,209,203,6,0
2026-09-05T06:14:20+00:00,5,8,od-czmonia-plac20,582,577,5,0
2026-09-05T06:14:20+00:00,5,8,od-srody-plac20,424,420,4,0
2026-09-05T06:14:20+00:00,5,8,od-gostynia-staszica,331,318,13,0
2026-09-05T06:14:20+00:00,5,8,od-leszna-most-bp,707,624,83,0
2026-09-05T06:14:20+00:00,5,8,od-czempinia-rondo-ak,529,497,32,0
2026-09-05T06:14:20+00:00,5,8,objazd-gostynska,285,273,12,0
2026-09-05T06:14:20+00:00,5,8,wyjazd-plac20-czmon,587,581,6,0
2026-09-05T06:24:19+00:00,5,8,obwodnica-plac20,209,203,6,0
2026-09-05T06:24:19+00:00,5,8,od-czmonia-plac20,583,577,6,0
2026-09-05T06:24:19+00:00,5,8,od-srody-plac20,424,420,4,0
2026-09-05T06:24:19+00:00,5,8,od-gostynia-staszica,332,318,14,0
2026-09-05T06:24:19+00:00,5,8,od-leszna-most-bp,712,624,88,0
2026-09-05T06:24:19+00:00,5,8,od-czempinia-rondo-ak,532,497,35,0
2026-09-05T06:24:19+00:00,5,8,objazd-gostynska,286,273,13,0
2026-09-05T06:24:19+00:00,5,8,wyjazd-plac20-czmon,587,581,6,0
2026-09-05T06:34:18+00:00,5,8,obwodnica-plac20,208,203,5,0
2026-09-05T06:34:18+00:00,5,8,od-czmonia-plac20,583,577,6,0
2026-09-05T06:34:18+00:00,5,8,od-srody-plac20,424,420,4,0
2026-09-05T06:34:18+00:00,5,8,od-gostynia-staszica,332,318,14,0
2026-09-05T06:34:18+00:00,5,8,od-leszna-most-bp,716,624,92,0
2026-09-05T06:34:18+00:00,5,8,od-czempinia-rondo-ak,618,595,23,0
2026-09-05T06:34:18+00:00,5,8,objazd-gostynska,286,273,13,0
2026-09-05T06:34:18+00:00,5,8,wyjazd-plac20-czmon,588,581,7,0
2026-09-05T06:44:16+00:00,5,8,obwodnica-plac20,209,203,6,0
2026-09-05T06:44:16+00:00,5,8,od-czmonia-plac20,583,577,6,0
2026-09-05T06:44:16+00:00,5,8,od-srody-plac20,424,420,4,0
2026-09-05T06:44:16+00:00,5,8,od-gostynia-staszica,333,318,15,0
2026-09-05T06:44:16+00:00,5,8,od-leszna-most-bp,719,624,95,0
2026-09-05T06:44:16+00:00,5,8,od-czempinia-rondo-ak,569,497,72,33
2026-09-05T06:44:16+00:00,5,8,objazd-gostynska,287,273,14,0
2026-09-05T06:44:16+00:00,5,8,wyjazd-plac20-czmon,589,581,8,0
2026-09-05T06:54:17+00:00,5,8,obwodnica-plac20,209,203,6,0
2026-09-05T06:54:17+00:00,5,8,od-czmonia-plac20,584,577,7,0
2026-09-05T06:54:17+00:00,5,8,od-srody-plac20,425,420,5,0
2026-09-05T06:54:17+00:00,5,8,od-gostynia-staszica,333,318,15,0
2026-09-05T06:54:17+00:00,5,8,od-leszna-most-bp,722,624,98,0
2026-09-05T06:54:17+00:00,5,8,od-czempinia-rondo-ak,622,595,27,0
2026-09-05T06:54:17+00:00,5,8,objazd-gostynska,288,273,15,0
2026-09-05T06:54:17+00:00,5,8,wyjazd-plac20-czmon,590,581,9,0
2026-09-05T07:04:16+00:00,5,9,obwodnica-plac20,209,203,6,0
2026-09-05T07:04:16+00:00,5,9,od-czmonia-plac20,584,577,7,0
2026-09-05T07:04:16+00:00,5,9,od-srody-plac20,425,420,5,0
2026-09-05T07:04:16+00:00,5,9,od-gostynia-staszica,335,318,17,0
2026-09-05T07:04:16+00:00,5,9,od-leszna-most-bp,728,624,104,0
2026-09-05T07:04:16+00:00,5,9,od-czempinia-rondo-ak,626,595,31,0
2026-09-05T07:04:16+00:00,5,9,objazd-gostynska,289,273,16,0
2026-09-05T07:04:16+00:00,5,9,wyjazd-plac20-czmon,590,581,9,0
2026-09-05T07:14:17+00:00,5,9,obwodnica-plac20,209,203,6,0
2026-09-05T07:14:17+00:00,5,9,od-czmonia-plac20,585,577,8,0
2026-09-05T07:14:17+00:00,5,9,od-srody-plac20,425,420,5,0
2026-09-05T07:14:17+00:00,5,9,od-gostynia-staszica,335,318,17,0
2026-09-05T07:14:17+00:00,5,9,od-leszna-most-bp,732,624,108,0
2026-09-05T07:14:17+00:00,5,9,od-czempinia-rondo-ak,547,497,50,0
2026-09-05T07:14:17+00:00,5,9,objazd-gostynska,289,273,16,0
2026-09-05T07:14:17+00:00,5,9,wyjazd-plac20-czmon,590,581,9,0
2026-09-05T07:24:53+00:00,5,9,obwodnica-plac20,209,203,6,0
2026-09-05T07:24:53+00:00,5,9,od-czmonia-plac20,585,577,8,0
2026-09-05T07:24:53+00:00,5,9,od-srody-plac20,426,420,6,0
2026-09-05T07:24:53+00:00,5,9,od-gostynia-staszica,336,318,18,0
2026-09-05T07:24:53+00:00,5,9,od-leszna-most-bp,736,624,112,0
2026-09-05T07:24:53+00:00,5,9,od-czempinia-rondo-ak,610,497,113,61
2026-09-05T07:24:53+00:00,5,9,objazd-gostynska,290,273,17,0
2026-09-05T07:24:53+00:00,5,9,wyjazd-plac20-czmon,591,581,10,0
2026-09-05T07:34:18+00:00,5,9,obwodnica-plac20,210,203,7,0
2026-09-05T07:34:18+00:00,5,9,od-czmonia-plac20,585,577,8,0
2026-09-05T07:34:18+00:00,5,9,od-srody-plac20,426,420,6,0
2026-09-05T07:34:18+00:00,5,9,od-gostynia-staszica,336,318,18,0
2026-09-05T07:34:18+00:00,5,9,od-leszna-most-bp,739,624,115,0
2026-09-05T07:34:18+00:00,5,9,od-czempinia-rondo-ak,591,497,94,41
2026-09-05T07:34:18+00:00,5,9,objazd-gostynska,290,273,17,0
2026-09-05T07:34:18+00:00,5,9,wyjazd-plac20-czmon,592,581,11,0
2026-09-05T07:44:16+00:00,5,9,obwodnica-plac20,210,203,7,0
2026-09-05T07:44:16+00:00,5,9,od-czmonia-plac20,586,577,9,0
2026-09-05T07:44:16+00:00,5,9,od-srody-plac20,427,420,7,0
2026-09-05T07:44:16+00:00,5,9,od-gostynia-staszica,339,318,21,0
2026-09-05T07:44:16+00:00,5,9,od-leszna-most-bp,744,624,120,0
2026-09-05T07:44:16+00:00,5,9,od-czempinia-rondo-ak,558,497,61,0
2026-09-05T07:44:16+00:00,5,9,objazd-gostynska,291,273,18,0
2026-09-05T07:44:16+00:00,5,9,wyjazd-plac20-czmon,593,581,12,0
2026-09-05T07:54:17+00:00,5,9,obwodnica-plac20,211,203,8,0
2026-09-05T07:54:17+00:00,5,9,od-czmonia-plac20,587,577,10,0
2026-09-05T07:54:17+00:00,5,9,od-srody-plac20,427,420,7,0
2026-09-05T07:54:17+00:00,5,9,od-gostynia-staszica,340,318,22,0
2026-09-05T07:54:17+00:00,5,9,od-leszna-most-bp,747,624,123,0
2026-09-05T07:54:17+00:00,5,9,od-czempinia-rondo-ak,618,497,121,61
2026-09-05T07:54:17+00:00,5,9,objazd-gostynska,291,273,18,0
2026-09-05T07:54:17+00:00,5,9,wyjazd-plac20-czmon,594,581,13,0
2026-09-05T08:12:31+00:00,5,10,obwodnica-plac20,213,203,10,0
2026-09-05T08:12:31+00:00,5,10,od-czmonia-plac20,592,577,15,0
2026-09-05T08:12:31+00:00,5,10,od-srody-plac20,432,420,12,0
2026-09-05T08:12:31+00:00,5,10,od-gostynia-staszica,344,318,26,0
2026-09-05T08:12:31+00:00,5,10,od-leszna-most-bp,825,624,201,101
2026-09-05T08:12:31+00:00,5,10,od-czempinia-rondo-ak,651,595,56,0
2026-09-05T08:12:31+00:00,5,10,objazd-gostynska,295,273,22,0
2026-09-05T08:12:31+00:00,5,10,wyjazd-plac20-czmon,601,581,20,0
2026-09-05T08:32:17+00:00,5,10,obwodnica-plac20,213,203,10,0
2026-09-05T08:32:17+00:00,5,10,od-czmonia-plac20,593,577,16,0
2026-09-05T08:32:17+00:00,5,10,od-srody-plac20,433,420,13,0
2026-09-05T08:32:17+00:00,5,10,od-gostynia-staszica,345,318,27,0
2026-09-05T08:32:17+00:00,5,10,od-leszna-most-bp,811,624,187,78
2026-09-05T08:32:17+00:00,5,10,od-czempinia-rondo-ak,656,595,61,0
2026-09-05T08:32:17+00:00,5,10,objazd-gostynska,297,273,24,0
2026-09-05T08:32:17+00:00,5,10,wyjazd-plac20-czmon,602,581,21,0
2026-09-05T08:52:17+00:00,5,10,obwodnica-plac20,214,203,11,0
2026-09-05T08:52:17+00:00,5,10,od-czmonia-plac20,594,577,17,0
2026-09-05T08:52:17+00:00,5,10,od-srody-plac20,434,420,14,0
2026-09-05T08:52:17+00:00,5,10,od-gostynia-staszica,346,318,28,0
2026-09-05T08:52:17+00:00,5,10,od-leszna-most-bp,785,624,161,0
2026-09-05T08:52:17+00:00,5,10,od-czempinia-rondo-ak,581,497,84,0
2026-09-05T08:52:17+00:00,5,10,objazd-gostynska,298,273,25,0
2026-09-05T08:52:17+00:00,5,10,wyjazd-plac20-czmon,604,581,23,0
2026-09-05T09:12:18+00:00,5,11,obwodnica-plac20,214,203,11,0
2026-09-05T09:12:18+00:00,5,11,od-czmonia-plac20,595,577,18,0
2026-09-05T09:12:18+00:00,5,11,od-srody-plac20,434,420,14,0
2026-09-05T09:12:18+00:00,5,11,od-gostynia-staszica,485,318,167,143
2026-09-05T09:12:18+00:00,5,11,od-leszna-most-bp,789,624,165,0
2026-09-05T09:12:18+00:00,5,11,od-czempinia-rondo-ak,622,497,125,41
2026-09-05T09:12:18+00:00,5,11,objazd-gostynska,437,273,164,143
2026-09-05T09:12:18+00:00,5,11,wyjazd-plac20-czmon,606,581,25,0
2026-09-05T09:32:17+00:00,5,11,obwodnica-plac20,214,203,11,0
2026-09-05T09:32:17+00:00,5,11,od-czmonia-plac20,596,577,19,0
2026-09-05T09:32:17+00:00,5,11,od-srody-plac20,434,420,14,0
2026-09-05T09:32:17+00:00,5,11,od-gostynia-staszica,346,318,28,0
2026-09-05T09:32:17+00:00,5,11,od-leszna-most-bp,835,624,211,89
2026-09-05T09:32:17+00:00,5,11,od-czempinia-rondo-ak,583,497,86,0
2026-09-05T09:32:17+00:00,5,11,objazd-gostynska,548,273,275,255
2026-09-05T09:32:17+00:00,5,11,wyjazd-plac20-czmon,607,581,26,0
2026-09-05T09:52:16+00:00,5,11,obwodnica-plac20,214,203,11,0
2026-09-05T09:52:16+00:00,5,11,od-czmonia-plac20,595,577,18,0
2026-09-05T09:52:16+00:00,5,11,od-srody-plac20,434,420,14,0
2026-09-05T09:52:16+00:00,5,11,od-gostynia-staszica,345,318,27,0
2026-09-05T09:52:16+00:00,5,11,od-leszna-most-bp,790,624,166,0
2026-09-05T09:52:16+00:00,5,11,od-czempinia-rondo-ak,654,497,157,72
2026-09-05T09:52:16+00:00,5,11,objazd-gostynska,654,273,381,375
2026-09-05T09:52:16+00:00,5,11,wyjazd-plac20-czmon,607,581,26,0
2026-09-05T10:12:17+00:00,5,12,obwodnica-plac20,212,203,9,0
2026-09-05T10:12:17+00:00,5,12,od-czmonia-plac20,590,577,13,0
2026-09-05T10:12:17+00:00,5,12,od-srody-plac20,430,420,10,0
2026-09-05T10:12:17+00:00,5,12,od-gostynia-staszica,340,318,22,0
2026-09-05T10:12:17+00:00,5,12,od-leszna-most-bp,777,624,153,0
2026-09-05T10:12:17+00:00,5,12,od-czempinia-rondo-ak,635,497,138,61
2026-09-05T10:12:17+00:00,5,12,objazd-gostynska,438,273,165,146
2026-09-05T10:12:17+00:00,5,12,wyjazd-plac20-czmon,602,581,21,0
2026-09-05T10:32:19+00:00,5,12,obwodnica-plac20,211,203,8,0
2026-09-05T10:32:19+00:00,5,12,od-czmonia-plac20,590,577,13,0
2026-09-05T10:32:19+00:00,5,12,od-srody-plac20,430,420,10,0
2026-09-05T10:32:19+00:00,5,12,od-gostynia-staszica,339,318,21,0
2026-09-05T10:32:19+00:00,5,12,od-leszna-most-bp,770,624,146,0
2026-09-05T10:32:19+00:00,5,12,od-czempinia-rondo-ak,630,497,133,61
2026-09-05T10:32:19+00:00,5,12,objazd-gostynska,531,273,258,239
2026-09-05T10:32:19+00:00,5,12,wyjazd-plac20-czmon,602,581,21,0
2026-09-05T10:52:18+00:00,5,12,obwodnica-plac20,211,203,8,0
2026-09-05T10:52:18+00:00,5,12,od-czmonia-plac20,590,577,13,0
2026-09-05T10:52:18+00:00,5,12,od-srody-plac20,429,420,9,0
2026-09-05T10:52:18+00:00,5,12,od-gostynia-staszica,338,318,20,0
2026-09-05T10:52:18+00:00,5,12,od-leszna-most-bp,764,624,140,0
2026-09-05T10:52:18+00:00,5,12,od-czempinia-rondo-ak,637,497,140,72
2026-09-05T10:52:18+00:00,5,12,objazd-gostynska,733,273,460,452
2026-09-05T10:52:18+00:00,5,12,wyjazd-plac20-czmon,601,581,20,0
2026-09-05T11:12:18+00:00,5,13,obwodnica-plac20,211,203,8,0
2026-09-05T11:12:18+00:00,5,13,od-czmonia-plac20,589,577,12,0
2026-09-05T11:12:18+00:00,5,13,od-srody-plac20,429,420,9,0
2026-09-05T11:12:18+00:00,5,13,od-gostynia-staszica,338,318,20,0
2026-09-05T11:12:18+00:00,5,13,od-leszna-most-bp,759,624,135,0
2026-09-05T11:12:18+00:00,5,13,od-czempinia-rondo-ak,634,497,137,72
2026-09-05T11:12:18+00:00,5,13,objazd-gostynska,590,273,317,301
2026-09-05T11:12:18+00:00,5,13,wyjazd-plac20-czmon,601,581,20,0
2026-09-05T11:32:17+00:00,5,13,obwodnica-plac20,210,203,7,0
2026-09-05T11:32:17+00:00,5,13,od-czmonia-plac20,589,577,12,0
2026-09-05T11:32:17+00:00,5,13,od-srody-plac20,429,420,9,0
2026-09-05T11:32:17+00:00,5,13,od-gostynia-staszica,337,318,19,0
2026-09-05T11:32:17+00:00,5,13,od-leszna-most-bp,754,624,130,0
2026-09-05T11:32:17+00:00,5,13,od-czempinia-rondo-ak,561,497,64,0
2026-09-05T11:32:17+00:00,5,13,objazd-gostynska,719,273,446,440
2026-09-05T11:32:17+00:00,5,13,wyjazd-plac20-czmon,600,581,19,0
2026-09-05T11:52:18+00:00,5,13,obwodnica-plac20,210,203,7,0
2026-09-05T11:52:18+00:00,5,13,od-czmonia-plac20,588,577,11,0
2026-09-05T11:52:18+00:00,5,13,od-srody-plac20,428,420,8,0
2026-09-05T11:52:18+00:00,5,13,od-gostynia-staszica,338,318,20,0
2026-09-05T11:52:18+00:00,5,13,od-leszna-most-bp,753,624,129,0
2026-09-05T11:52:18+00:00,5,13,od-czempinia-rondo-ak,619,497,122,61
2026-09-05T11:52:18+00:00,5,13,objazd-gostynska,495,273,222,204
2026-09-05T11:52:18+00:00,5,13,wyjazd-plac20-czmon,600,581,19,0
2026-09-05T12:04:17+00:00,5,14,obwodnica-plac20,210,203,7,0
2026-09-05T12:04:17+00:00,5,14,od-czmonia-plac20,588,577,11,0
2026-09-05T12:04:17+00:00,5,14,od-srody-plac20,428,420,8,0
2026-09-05T12:04:17+00:00,5,14,od-gostynia-staszica,341,318,23,0
2026-09-05T12:04:17+00:00,5,14,od-leszna-most-bp,751,624,127,0
2026-09-05T12:04:17+00:00,5,14,od-czempinia-rondo-ak,599,497,102,37
2026-09-05T12:04:17+00:00,5,14,objazd-gostynska,298,273,25,0
2026-09-05T12:04:17+00:00,5,14,wyjazd-plac20-czmon,607,581,26,0
2026-09-05T12:14:17+00:00,5,14,obwodnica-plac20,212,203,9,0
2026-09-05T12:14:17+00:00,5,14,od-czmonia-plac20,595,577,18,0
2026-09-05T12:14:17+00:00,5,14,od-srody-plac20,432,420,12,0
2026-09-05T12:14:17+00:00,5,14,od-gostynia-staszica,341,318,23,0
2026-09-05T12:14:17+00:00,5,14,od-leszna-most-bp,759,624,135,0
2026-09-05T12:14:17+00:00,5,14,od-czempinia-rondo-ak,623,497,126,61
2026-09-05T12:14:17+00:00,5,14,objazd-gostynska,297,273,24,0
2026-09-05T12:14:17+00:00,5,14,wyjazd-plac20-czmon,606,581,25,0
2026-09-05T12:24:18+00:00,5,14,obwodnica-plac20,212,203,9,0
2026-09-05T12:24:18+00:00,5,14,od-czmonia-plac20,595,577,18,0
2026-09-05T12:24:18+00:00,5,14,od-srody-plac20,432,420,12,0
2026-09-05T12:24:18+00:00,5,14,od-gostynia-staszica,342,318,24,0
2026-09-05T12:24:18+00:00,5,14,od-leszna-most-bp,758,624,134,0
2026-09-05T12:24:18+00:00,5,14,od-czempinia-rondo-ak,660,595,65,0
2026-09-05T12:24:18+00:00,5,14,objazd-gostynska,297,273,24,0
2026-09-05T12:24:18+00:00,5,14,wyjazd-plac20-czmon,606,581,25,0
2026-09-05T12:34:19+00:00,5,14,obwodnica-plac20,212,203,9,0
2026-09-05T12:34:19+00:00,5,14,od-czmonia-plac20,595,577,18,0
2026-09-05T12:34:19+00:00,5,14,od-srody-plac20,431,420,11,0
2026-09-05T12:34:19+00:00,5,14,od-gostynia-staszica,342,318,24,0
2026-09-05T12:34:19+00:00,5,14,od-leszna-most-bp,758,624,134,0
2026-09-05T12:34:19+00:00,5,14,od-czempinia-rondo-ak,660,595,65,0
2026-09-05T12:34:19+00:00,5,14,objazd-gostynska,298,273,25,0
2026-09-05T12:34:19+00:00,5,14,wyjazd-plac20-czmon,606,581,25,0
2026-09-05T12:44:17+00:00,5,14,obwodnica-plac20,211,203,8,0
2026-09-05T12:44:17+00:00,5,14,od-czmonia-plac20,595,577,18,0
2026-09-05T12:44:17+00:00,5,14,od-srody-plac20,431,420,11,0
2026-09-05T12:44:17+00:00,5,14,od-gostynia-staszica,342,318,24,0
2026-09-05T12:44:17+00:00,5,14,od-leszna-most-bp,758,624,134,0
2026-09-05T12:44:17+00:00,5,14,od-czempinia-rondo-ak,622,497,125,61
2026-09-05T12:44:17+00:00,5,14,objazd-gostynska,298,273,25,0
2026-09-05T12:44:17+00:00,5,14,wyjazd-plac20-czmon,606,581,25,0
2026-09-05T12:54:17+00:00,5,14,obwodnica-plac20,211,203,8,0
2026-09-05T12:54:17+00:00,5,14,od-czmonia-plac20,595,577,18,0
2026-09-05T12:54:17+00:00,5,14,od-srody-plac20,431,420,11,0
2026-09-05T12:54:17+00:00,5,14,od-gostynia-staszica,342,318,24,0
2026-09-05T12:54:17+00:00,5,14,od-leszna-most-bp,757,624,133,0
2026-09-05T12:54:17+00:00,5,14,od-czempinia-rondo-ak,659,595,64,0
2026-09-05T12:54:17+00:00,5,14,objazd-gostynska,298,273,25,0
2026-09-05T12:54:17+00:00,5,14,wyjazd-plac20-czmon,606,581,25,0
2026-09-05T13:04:18+00:00,5,15,obwodnica-plac20,210,203,7,0
2026-09-05T13:04:18+00:00,5,15,od-czmonia-plac20,594,577,17,0
2026-09-05T13:04:18+00:00,5,15,od-srody-plac20,427,420,7,0
2026-09-05T13:04:18+00:00,5,15,od-gostynia-staszica,342,318,24,0
2026-09-05T13:04:18+00:00,5,15,od-leszna-most-bp,757,624,133,0
2026-09-05T13:04:18+00:00,5,15,od-czempinia-rondo-ak,625,497,128,72
2026-09-05T13:04:18+00:00,5,15,objazd-gostynska,298,273,25,0
2026-09-05T13:04:18+00:00,5,15,wyjazd-plac20-czmon,599,581,18,0
2026-09-05T13:14:16+00:00,5,15,obwodnica-plac20,209,203,6,0
2026-09-05T13:14:16+00:00,5,15,od-czmonia-plac20,587,577,10,0
2026-09-05T13:14:16+00:00,5,15,od-srody-plac20,426,420,6,0
2026-09-05T13:14:16+00:00,5,15,od-gostynia-staszica,338,318,20,0
2026-09-05T13:14:16+00:00,5,15,od-leszna-most-bp,744,624,120,0
2026-09-05T13:14:16+00:00,5,15,od-czempinia-rondo-ak,555,497,58,0
2026-09-05T13:14:16+00:00,5,15,objazd-gostynska,295,273,22,0
2026-09-05T13:14:16+00:00,5,15,wyjazd-plac20-czmon,599,581,18,0
2026-09-05T13:24:18+00:00,5,15,obwodnica-plac20,209,203,6,0
2026-09-05T13:24:18+00:00,5,15,od-czmonia-plac20,588,577,11,0
2026-09-05T13:24:18+00:00,5,15,od-srody-plac20,427,420,7,0
2026-09-05T13:24:18+00:00,5,15,od-gostynia-staszica,339,318,21,0
2026-09-05T13:24:18+00:00,5,15,od-leszna-most-bp,745,624,121,0
2026-09-05T13:24:18+00:00,5,15,od-czempinia-rondo-ak,554,497,57,0
2026-09-05T13:24:18+00:00,5,15,objazd-gostynska,295,273,22,0
2026-09-05T13:24:18+00:00,5,15,wyjazd-plac20-czmon,599,581,18,0
2026-09-05T13:34:19+00:00,5,15,obwodnica-plac20,209,203,6,0
2026-09-05T13:34:19+00:00,5,15,od-czmonia-plac20,588,577,11,0
2026-09-05T13:34:19+00:00,5,15,od-srody-plac20,427,420,7,0
2026-09-05T13:34:19+00:00,5,15,od-gostynia-staszica,339,318,21,0
2026-09-05T13:34:19+00:00,5,15,od-leszna-most-bp,745,624,121,0
2026-09-05T13:34:19+00:00,5,15,od-czempinia-rondo-ak,554,497,57,0
2026-09-05T13:34:19+00:00,5,15,objazd-gostynska,295,273,22,0
2026-09-05T13:34:19+00:00,5,15,wyjazd-plac20-czmon,600,581,19,0
2026-09-05T13:44:17+00:00,5,15,obwodnica-plac20,209,203,6,0
2026-09-05T13:44:17+00:00,5,15,od-czmonia-plac20,588,577,11,0
2026-09-05T13:44:17+00:00,5,15,od-srody-plac20,426,420,6,0
2026-09-05T13:44:17+00:00,5,15,od-gostynia-staszica,339,318,21,0
2026-09-05T13:44:17+00:00,5,15,od-leszna-most-bp,745,624,121,0
2026-09-05T13:44:17+00:00,5,15,od-czempinia-rondo-ak,554,497,57,0
2026-09-05T13:44:17+00:00,5,15,objazd-gostynska,295,273,22,0
2026-09-05T13:44:17+00:00,5,15,wyjazd-plac20-czmon,599,581,18,0
2026-09-05T13:54:17+00:00,5,15,obwodnica-plac20,209,203,6,0
2026-09-05T13:54:17+00:00,5,15,od-czmonia-plac20,588,577,11,0
2026-09-05T13:54:17+00:00,5,15,od-srody-plac20,427,420,7,0
2026-09-05T13:54:17+00:00,5,15,od-gostynia-staszica,341,318,23,0
2026-09-05T13:54:17+00:00,5,15,od-leszna-most-bp,745,624,121,0
2026-09-05T13:54:17+00:00,5,15,od-czempinia-rondo-ak,648,595,53,0
2026-09-05T13:54:17+00:00,5,15,objazd-gostynska,295,273,22,0
2026-09-05T13:54:17+00:00,5,15,wyjazd-plac20-czmon,600,581,19,0
2026-09-05T14:04:16+00:00,5,16,obwodnica-plac20,208,203,5,0
2026-09-05T14:04:16+00:00,5,16,od-czmonia-plac20,582,577,5,0
2026-09-05T14:04:16+00:00,5,16,od-srody-plac20,423,420,3,0
2026-09-05T14:04:16+00:00,5,16,od-gostynia-staszica,337,318,19,0
2026-09-05T14:04:16+00:00,5,16,od-leszna-most-bp,728,624,104,0
2026-09-05T14:04:16+00:00,5,16,od-czempinia-rondo-ak,609,497,112,61
2026-09-05T14:04:16+00:00,5,16,objazd-gostynska,292,273,19,0
2026-09-05T14:04:16+00:00,5,16,wyjazd-plac20-czmon,593,581,12,0
2026-09-05T14:14:17+00:00,5,16,obwodnica-plac20,208,203,5,0
2026-09-05T14:14:17+00:00,5,16,od-czmonia-plac20,582,577,5,0
2026-09-05T14:14:17+00:00,5,16,od-srody-plac20,423,420,3,0
2026-09-05T14:14:17+00:00,5,16,od-gostynia-staszica,337,318,19,0
2026-09-05T14:14:17+00:00,5,16,od-leszna-most-bp,728,624,104,0
2026-09-05T14:14:17+00:00,5,16,od-czempinia-rondo-ak,549,497,52,0
2026-09-05T14:14:17+00:00,5,16,objazd-gostynska,291,273,18,0
2026-09-05T14:14:17+00:00,5,16,wyjazd-plac20-czmon,592,581,11,0
2026-09-05T14:24:19+00:00,5,16,obwodnica-plac20,208,203,5,0
2026-09-05T14:24:19+00:00,5,16,od-czmonia-plac20,583,577,6,0
2026-09-05T14:24:19+00:00,5,16,od-srody-plac20,423,420,3,0
2026-09-05T14:24:19+00:00,5,16,od-gostynia-staszica,337,318,19,0
2026-09-05T14:24:19+00:00,5,16,od-leszna-most-bp,729,624,105,0
2026-09-05T14:24:19+00:00,5,16,od-czempinia-rondo-ak,549,497,52,0
2026-09-05T14:24:19+00:00,5,16,objazd-gostynska,291,273,18,0
2026-09-05T14:24:19+00:00,5,16,wyjazd-plac20-czmon,592,581,11,0
2026-09-05T14:34:17+00:00,5,16,obwodnica-plac20,208,203,5,0
2026-09-05T14:34:17+00:00,5,16,od-czmonia-plac20,583,577,6,0
2026-09-05T14:34:17+00:00,5,16,od-srody-plac20,423,420,3,0
2026-09-05T14:34:17+00:00,5,16,od-gostynia-staszica,337,318,19,0
2026-09-05T14:34:17+00:00,5,16,od-leszna-most-bp,729,624,105,0
2026-09-05T14:34:17+00:00,5,16,od-czempinia-rondo-ak,639,595,44,0
2026-09-05T14:34:17+00:00,5,16,objazd-gostynska,291,273,18,0
2026-09-05T14:34:17+00:00,5,16,wyjazd-plac20-czmon,592,581,11,0
2026-09-05T14:44:22+00:00,5,16,obwodnica-plac20,209,203,6,0
2026-09-05T14:44:22+00:00,5,16,od-czmonia-plac20,584,577,7,0
2026-09-05T14:44:22+00:00,5,16,od-srody-plac20,424,420,4,0
2026-09-05T14:44:22+00:00,5,16,od-gostynia-staszica,338,318,20,0
2026-09-05T14:44:22+00:00,5,16,od-leszna-most-bp,729,624,105,0
2026-09-05T14:44:22+00:00,5,16,od-czempinia-rondo-ak,640,595,45,0
2026-09-05T14:44:22+00:00,5,16,objazd-gostynska,292,273,19,0
2026-09-05T14:44:22+00:00,5,16,wyjazd-plac20-czmon,593,581,12,0
2026-09-05T14:54:19+00:00,5,16,obwodnica-plac20,209,203,6,0
2026-09-05T14:54:19+00:00,5,16,od-czmonia-plac20,585,577,8,0
2026-09-05T14:54:19+00:00,5,16,od-srody-plac20,424,420,4,0
2026-09-05T14:54:19+00:00,5,16,od-gostynia-staszica,338,318,20,0
2026-09-05T14:54:19+00:00,5,16,od-leszna-most-bp,729,624,105,0
2026-09-05T14:54:19+00:00,5,16,od-czempinia-rondo-ak,639,595,44,0
2026-09-05T14:54:19+00:00,5,16,objazd-gostynska,292,273,19,0
2026-09-05T14:54:19+00:00,5,16,wyjazd-plac20-czmon,593,581,12,0
2026-09-05T15:04:18+00:00,5,17,obwodnica-plac20,211,203,8,0
2026-09-05T15:04:18+00:00,5,17,od-czmonia-plac20,589,577,12,0
2026-09-05T15:04:18+00:00,5,17,od-srody-plac20,428,420,8,0
2026-09-05T15:04:18+00:00,5,17,od-gostynia-staszica,342,318,24,0
2026-09-05T15:04:18+00:00,5,17,od-leszna-most-bp,734,624,110,0
2026-09-05T15:04:18+00:00,5,17,od-czempinia-rondo-ak,645,595,50,0
2026-09-05T15:04:18+00:00,5,17,objazd-gostynska,294,273,21,0
2026-09-05T15:04:18+00:00,5,17,wyjazd-plac20-czmon,598,581,17,0
2026-09-05T15:14:18+00:00,5,17,obwodnica-plac20,211,203,8,0
2026-09-05T15:14:18+00:00,5,17,od-czmonia-plac20,589,577,12,0
2026-09-05T15:14:18+00:00,5,17,od-srody-plac20,428,420,8,0
2026-09-05T15:14:18+00:00,5,17,od-gostynia-staszica,340,318,22,0
2026-09-05T15:14:18+00:00,5,17,od-leszna-most-bp,732,624,108,0
2026-09-05T15:14:18+00:00,5,17,od-czempinia-rondo-ak,583,497,86,33
2026-09-05T15:14:18+00:00,5,17,objazd-gostynska,293,273,20,0
2026-09-05T15:14:18+00:00,5,17,wyjazd-plac20-czmon,598,581,17,0
2026-09-05T15:24:18+00:00,5,17,obwodnica-plac20,211,203,8,0
2026-09-05T15:24:18+00:00,5,17,od-czmonia-plac20,590,577,13,0
2026-09-05T15:24:18+00:00,5,17,od-srody-plac20,428,420,8,0
2026-09-05T15:24:18+00:00,5,17,od-gostynia-staszica,341,318,23,0
2026-09-05T15:24:18+00:00,5,17,od-leszna-most-bp,731,624,107,0
2026-09-05T15:24:18+00:00,5,17,od-czempinia-rondo-ak,612,497,115,61
2026-09-05T15:24:18+00:00,5,17,objazd-gostynska,293,273,20,0
2026-09-05T15:24:18+00:00,5,17,wyjazd-plac20-czmon,598,581,17,0
2026-09-05T15:34:18+00:00,5,17,obwodnica-plac20,212,203,9,0
2026-09-05T15:34:18+00:00,5,17,od-czmonia-plac20,590,577,13,0
2026-09-05T15:34:18+00:00,5,17,od-srody-plac20,428,420,8,0
2026-09-05T15:34:18+00:00,5,17,od-gostynia-staszica,341,318,23,0
2026-09-05T15:34:18+00:00,5,17,od-leszna-most-bp,729,624,105,0
2026-09-05T15:34:18+00:00,5,17,od-czempinia-rondo-ak,551,497,54,0
2026-09-05T15:34:18+00:00,5,17,objazd-gostynska,293,273,20,0
2026-09-05T15:34:18+00:00,5,17,wyjazd-plac20-czmon,598,581,17,0
2026-09-05T15:44:16+00:00,5,17,obwodnica-plac20,212,203,9,0
2026-09-05T15:44:16+00:00,5,17,od-czmonia-plac20,590,577,13,0
2026-09-05T15:44:16+00:00,5,17,od-srody-plac20,429,420,9,0
2026-09-05T15:44:16+00:00,5,17,od-gostynia-staszica,341,318,23,0
2026-09-05T15:44:16+00:00,5,17,od-leszna-most-bp,727,624,103,0
2026-09-05T15:44:16+00:00,5,17,od-czempinia-rondo-ak,610,497,113,61
2026-09-05T15:44:16+00:00,5,17,objazd-gostynska,293,273,20,0
2026-09-05T15:44:16+00:00,5,17,wyjazd-plac20-czmon,598,581,17,0
2026-09-05T15:54:17+00:00,5,17,obwodnica-plac20,212,203,9,0
2026-09-05T15:54:17+00:00,5,17,od-czmonia-plac20,590,577,13,0
2026-09-05T15:54:17+00:00,5,17,od-srody-plac20,428,420,8,0
2026-09-05T15:54:17+00:00,5,17,od-gostynia-staszica,341,318,23,0
2026-09-05T15:54:17+00:00,5,17,od-leszna-most-bp,724,624,100,0
2026-09-05T15:54:17+00:00,5,17,od-czempinia-rondo-ak,549,497,52,0
2026-09-05T15:54:17+00:00,5,17,objazd-gostynska,292,273,19,0
2026-09-05T15:54:17+00:00,5,17,wyjazd-plac20-czmon,597,581,16,0
2026-09-05T16:12:17+00:00,5,18,obwodnica-plac20,212,203,9,0
2026-09-05T16:12:17+00:00,5,18,od-czmonia-plac20,590,577,13,0
2026-09-05T16:12:17+00:00,5,18,od-srody-plac20,428,420,8,0
2026-09-05T16:12:17+00:00,5,18,od-gostynia-staszica,339,318,21,0
2026-09-05T16:12:17+00:00,5,18,od-leszna-most-bp,720,624,96,0
2026-09-05T16:12:17+00:00,5,18,od-czempinia-rondo-ak,608,497,111,61
2026-09-05T16:12:17+00:00,5,18,objazd-gostynska,292,273,19,0
2026-09-05T16:12:17+00:00,5,18,wyjazd-plac20-czmon,596,581,15,0
2026-09-05T16:32:16+00:00,5,18,obwodnica-plac20,212,203,9,0
2026-09-05T16:32:16+00:00,5,18,od-czmonia-plac20,588,577,11,0
2026-09-05T16:32:16+00:00,5,18,od-srody-plac20,427,420,7,0
2026-09-05T16:32:16+00:00,5,18,od-gostynia-staszica,338,318,20,0
2026-09-05T16:32:16+00:00,5,18,od-leszna-most-bp,712,624,88,0
2026-09-05T16:32:16+00:00,5,18,od-czempinia-rondo-ak,603,497,106,61
2026-09-05T16:32:16+00:00,5,18,objazd-gostynska,291,273,18,0
2026-09-05T16:32:16+00:00,5,18,wyjazd-plac20-czmon,594,581,13,0
2026-09-05T16:52:17+00:00,5,18,obwodnica-plac20,211,203,8,0
2026-09-05T16:52:17+00:00,5,18,od-czmonia-plac20,587,577,10,0
2026-09-05T16:52:17+00:00,5,18,od-srody-plac20,427,420,7,0
2026-09-05T16:52:17+00:00,5,18,od-gostynia-staszica,336,318,18,0
2026-09-05T16:52:17+00:00,5,18,od-leszna-most-bp,705,624,81,0
2026-09-05T16:52:17+00:00,5,18,od-czempinia-rondo-ak,625,595,30,0
2026-09-05T16:52:17+00:00,5,18,objazd-gostynska,289,273,16,0
2026-09-05T16:52:17+00:00,5,18,wyjazd-plac20-czmon,592,581,11,0
2026-09-05T17:12:19+00:00,5,19,obwodnica-plac20,213,203,10,0
2026-09-05T17:12:19+00:00,5,19,od-czmonia-plac20,594,577,17,0
2026-09-05T17:12:19+00:00,5,19,od-srody-plac20,430,420,10,0
2026-09-05T17:12:19+00:00,5,19,od-gostynia-staszica,338,318,20,0
2026-09-05T17:12:19+00:00,5,19,od-leszna-most-bp,708,624,84,0
2026-09-05T17:12:19+00:00,5,19,od-czempinia-rondo-ak,628,595,33,0
2026-09-05T17:12:19+00:00,5,19,objazd-gostynska,291,273,18,0
2026-09-05T17:12:19+00:00,5,19,wyjazd-plac20-czmon,599,581,18,0
2026-09-05T17:32:18+00:00,5,19,obwodnica-plac20,212,203,9,0
2026-09-05T17:32:18+00:00,5,19,od-czmonia-plac20,593,577,16,0
2026-09-05T17:32:18+00:00,5,19,od-srody-plac20,430,420,10,0
2026-09-05T17:32:18+00:00,5,19,od-gostynia-staszica,335,318,17,0
2026-09-05T17:32:18+00:00,5,19,od-leszna-most-bp,696,624,72,0
2026-09-05T17:32:18+00:00,5,19,od-czempinia-rondo-ak,537,497,40,0
2026-09-05T17:32:18+00:00,5,19,objazd-gostynska,289,273,16,0
2026-09-05T17:32:18+00:00,5,19,wyjazd-plac20-czmon,597,581,16,0
2026-09-05T17:52:54+00:00,5,19,obwodnica-plac20,212,203,9,0
2026-09-05T17:52:54+00:00,5,19,od-czmonia-plac20,591,577,14,0
2026-09-05T17:52:54+00:00,5,19,od-srody-plac20,429,420,9,0
2026-09-05T17:52:54+00:00,5,19,od-gostynia-staszica,333,318,15,0
2026-09-05T17:52:54+00:00,5,19,od-leszna-most-bp,687,624,63,0
2026-09-05T17:52:54+00:00,5,19,od-czempinia-rondo-ak,586,497,89,53
2026-09-05T17:52:54+00:00,5,19,objazd-gostynska,288,273,15,0
2026-09-05T17:52:54+00:00,5,19,wyjazd-plac20-czmon,595,581,14,0
2026-09-06T04:04:18+00:00,6,6,obwodnica-plac20,200,203,0,0
2026-09-06T04:04:18+00:00,6,6,od-czmonia-plac20,564,577,0,0
2026-09-06T04:04:18+00:00,6,6,od-srody-plac20,410,420,0,0
2026-09-06T04:04:18+00:00,6,6,od-gostynia-staszica,312,318,0,0
2026-09-06T04:04:18+00:00,6,6,od-leszna-most-bp,612,624,0,0
2026-09-06T04:04:18+00:00,6,6,od-czempinia-rondo-ak,528,497,31,53
2026-09-06T04:04:18+00:00,6,6,objazd-gostynska,268,273,0,0
2026-09-06T04:04:18+00:00,6,6,wyjazd-plac20-czmon,567,578,0,0
2026-09-06T04:14:17+00:00,6,6,obwodnica-plac20,200,203,0,0
2026-09-06T04:14:17+00:00,6,6,od-czmonia-plac20,564,577,0,0
2026-09-06T04:14:17+00:00,6,6,od-srody-plac20,410,420,0,0
2026-09-06T04:14:17+00:00,6,6,od-gostynia-staszica,312,318,0,0
2026-09-06T04:14:17+00:00,6,6,od-leszna-most-bp,613,624,0,0
2026-09-06T04:14:17+00:00,6,6,od-czempinia-rondo-ak,488,497,0,0
2026-09-06T04:14:17+00:00,6,6,objazd-gostynska,268,273,0,0
2026-09-06T04:14:17+00:00,6,6,wyjazd-plac20-czmon,567,578,0,0
2026-09-06T04:24:17+00:00,6,6,obwodnica-plac20,200,203,0,0
2026-09-06T04:24:17+00:00,6,6,od-czmonia-plac20,564,577,0,0
2026-09-06T04:24:17+00:00,6,6,od-srody-plac20,410,420,0,0
2026-09-06T04:24:17+00:00,6,6,od-gostynia-staszica,313,318,0,0
2026-09-06T04:24:17+00:00,6,6,od-leszna-most-bp,614,624,0,0
2026-09-06T04:24:17+00:00,6,6,od-czempinia-rondo-ak,489,497,0,0
2026-09-06T04:24:17+00:00,6,6,objazd-gostynska,268,273,0,0
2026-09-06T04:24:17+00:00,6,6,wyjazd-plac20-czmon,568,578,0,0
2026-09-06T04:34:18+00:00,6,6,obwodnica-plac20,200,203,0,0
2026-09-06T04:34:18+00:00,6,6,od-czmonia-plac20,564,577,0,0
2026-09-06T04:34:18+00:00,6,6,od-srody-plac20,410,420,0,0
2026-09-06T04:34:18+00:00,6,6,od-gostynia-staszica,313,318,0,0
2026-09-06T04:34:18+00:00,6,6,od-leszna-most-bp,617,624,0,0
2026-09-06T04:34:18+00:00,6,6,od-czempinia-rondo-ak,490,497,0,0
2026-09-06T04:34:18+00:00,6,6,objazd-gostynska,268,273,0,0
2026-09-06T04:34:18+00:00,6,6,wyjazd-plac20-czmon,569,578,0,0
2026-09-06T04:44:19+00:00,6,6,obwodnica-plac20,201,203,0,0
2026-09-06T04:44:19+00:00,6,6,od-czmonia-plac20,565,577,0,0
2026-09-06T04:44:19+00:00,6,6,od-srody-plac20,411,420,0,0
2026-09-06T04:44:19+00:00,6,6,od-gostynia-staszica,313,318,0,0
2026-09-06T04:44:19+00:00,6,6,od-leszna-most-bp,619,624,0,0
2026-09-06T04:44:19+00:00,6,6,od-czempinia-rondo-ak,491,497,0,0
2026-09-06T04:44:19+00:00,6,6,objazd-gostynska,268,273,0,0
2026-09-06T04:44:19+00:00,6,6,wyjazd-plac20-czmon,571,578,0,0
2026-09-06T04:54:18+00:00,6,6,obwodnica-plac20,201,203,0,0
2026-09-06T04:54:18+00:00,6,6,od-czmonia-plac20,565,577,0,0
2026-09-06T04:54:18+00:00,6,6,od-srody-plac20,411,420,0,0
2026-09-06T04:54:18+00:00,6,6,od-gostynia-staszica,313,318,0,0
2026-09-06T04:54:18+00:00,6,6,od-leszna-most-bp,621,624,0,0
2026-09-06T04:54:18+00:00,6,6,od-czempinia-rondo-ak,491,497,0,0
2026-09-06T04:54:18+00:00,6,6,objazd-gostynska,268,273,0,0
2026-09-06T04:54:18+00:00,6,6,wyjazd-plac20-czmon,571,578,0,0
2026-09-06T05:04:29+00:00,6,7,obwodnica-plac20,201,203,0,0
2026-09-06T05:04:29+00:00,6,7,od-czmonia-plac20,565,577,0,0
2026-09-06T05:04:29+00:00,6,7,od-srody-plac20,411,420,0,0
2026-09-06T05:04:29+00:00,6,7,od-gostynia-staszica,314,318,0,0
2026-09-06T05:04:29+00:00,6,7,od-leszna-most-bp,624,624,0,0
2026-09-06T05:04:29+00:00,6,7,od-czempinia-rondo-ak,491,497,0,0
2026-09-06T05:04:29+00:00,6,7,objazd-gostynska,268,273,0,0
2026-09-06T05:04:29+00:00,6,7,wyjazd-plac20-czmon,572,578,0,0
2026-09-06T05:14:19+00:00,6,7,obwodnica-plac20,202,203,0,0
2026-09-06T05:14:19+00:00,6,7,od-czmonia-plac20,565,577,0,0
2026-09-06T05:14:19+00:00,6,7,od-srody-plac20,412,420,0,0
2026-09-06T05:14:19+00:00,6,7,od-gostynia-staszica,314,318,0,0
2026-09-06T05:14:19+00:00,6,7,od-leszna-most-bp,627,624,3,0
2026-09-06T05:14:19+00:00,6,7,od-czempinia-rondo-ak,493,497,0,0
2026-09-06T05:14:19+00:00,6,7,objazd-gostynska,268,273,0,0
2026-09-06T05:14:19+00:00,6,7,wyjazd-plac20-czmon,573,578,0,0
2026-09-06T05:24:17+00:00,6,7,obwodnica-plac20,202,203,0,0
2026-09-06T05:24:17+00:00,6,7,od-czmonia-plac20,566,577,0,0
2026-09-06T05:24:17+00:00,6,7,od-srody-plac20,412,420,0,0
2026-09-06T05:24:17+00:00,6,7,od-gostynia-staszica,315,318,0,0
2026-09-06T05:24:17+00:00,6,7,od-leszna-most-bp,630,624,6,0
2026-09-06T05:24:17+00:00,6,7,od-czempinia-rondo-ak,590,595,0,0
2026-09-06T05:24:17+00:00,6,7,objazd-gostynska,268,273,0,0
2026-09-06T05:24:17+00:00,6,7,wyjazd-plac20-czmon,574,578,0,0
2026-09-06T05:34:17+00:00,6,7,obwodnica-plac20,203,203,0,0
2026-09-06T05:34:17+00:00,6,7,od-czmonia-plac20,566,577,0,0
2026-09-06T05:34:17+00:00,6,7,od-srody-plac20,413,420,0,0
2026-09-06T05:34:17+00:00,6,7,od-gostynia-staszica,315,318,0,0
2026-09-06T05:34:17+00:00,6,7,od-leszna-most-bp,634,624,10,0
2026-09-06T05:34:17+00:00,6,7,od-czempinia-rondo-ak,590,595,0,0
2026-09-06T05:34:17+00:00,6,7,objazd-gostynska,268,273,0,0
2026-09-06T05:34:17+00:00,6,7,wyjazd-plac20-czmon,575,578,0,0
2026-09-06T05:44:17+00:00,6,7,obwodnica-plac20,203,203,0,0
2026-09-06T05:44:17+00:00,6,7,od-czmonia-plac20,567,577,0,0
2026-09-06T05:44:17+00:00,6,7,od-srody-plac20,414,420,0,0
2026-09-06T05:44:17+00:00,6,7,od-gostynia-staszica,316,318,0,0
2026-09-06T05:44:17+00:00,6,7,od-leszna-most-bp,639,624,15,0
2026-09-06T05:44:17+00:00,6,7,od-czempinia-rondo-ak,591,595,0,0
2026-09-06T05:44:17+00:00,6,7,objazd-gostynska,269,273,0,0
2026-09-06T05:44:17+00:00,6,7,wyjazd-plac20-czmon,573,581,0,0
2026-09-06T05:54:16+00:00,6,7,obwodnica-plac20,203,203,0,0
2026-09-06T05:54:16+00:00,6,7,od-czmonia-plac20,567,577,0,0
2026-09-06T05:54:16+00:00,6,7,od-srody-plac20,414,420,0,0
2026-09-06T05:54:16+00:00,6,7,od-gostynia-staszica,316,318,0,0
2026-09-06T05:54:16+00:00,6,7,od-leszna-most-bp,643,624,19,0
2026-09-06T05:54:16+00:00,6,7,od-czempinia-rondo-ak,591,595,0,0
2026-09-06T05:54:16+00:00,6,7,objazd-gostynska,269,273,0,0
2026-09-06T05:54:16+00:00,6,7,wyjazd-plac20-czmon,573,581,0,0
2026-09-06T06:04:16+00:00,6,8,obwodnica-plac20,206,203,3,0
2026-09-06T06:04:16+00:00,6,8,od-czmonia-plac20,573,577,0,0
2026-09-06T06:04:16+00:00,6,8,od-srody-plac20,418,420,0,0
2026-09-06T06:04:16+00:00,6,8,od-gostynia-staszica,319,318,1,0
2026-09-06T06:04:16+00:00,6,8,od-leszna-most-bp,652,624,28,0
2026-09-06T06:04:16+00:00,6,8,od-czempinia-rondo-ak,575,497,78,72
2026-09-06T06:04:16+00:00,6,8,objazd-gostynska,272,273,0,0
2026-09-06T06:04:16+00:00,6,8,wyjazd-plac20-czmon,580,581,0,0
2026-09-06T06:14:18+00:00,6,8,obwodnica-plac20,206,203,3,0
2026-09-06T06:14:18+00:00,6,8,od-czmonia-plac20,573,577,0,0
2026-09-06T06:14:18+00:00,6,8,od-srody-plac20,418,420,0,0
2026-09-06T06:14:18+00:00,6,8,od-gostynia-staszica,320,318,2,0
2026-09-06T06:14:18+00:00,6,8,od-leszna-most-bp,654,624,30,0
2026-09-06T06:14:18+00:00,6,8,od-czempinia-rondo-ak,598,595,3,0
2026-09-06T06:14:18+00:00,6,8,objazd-gostynska,272,273,0,0
2026-09-06T06:14:18+00:00,6,8,wyjazd-plac20-czmon,580,581,0,0
2026-09-06T06:24:28+00:00,6,8,obwodnica-plac20,205,203,2,0
2026-09-06T06:24:28+00:00,6,8,od-czmonia-plac20,573,577,0,0
2026-09-06T06:24:28+00:00,6,8,od-srody-plac20,418,420,0,0
2026-09-06T06:24:28+00:00,6,8,od-gostynia-staszica,320,318,2,0
2026-09-06T06:24:28+00:00,6,8,od-leszna-most-bp,655,624,31,0
2026-09-06T06:24:28+00:00,6,8,od-czempinia-rondo-ak,597,595,2,0
2026-09-06T06:24:28+00:00,6,8,objazd-gostynska,272,273,0,0
2026-09-06T06:24:28+00:00,6,8,wyjazd-plac20-czmon,580,581,0,0
2026-09-06T06:34:19+00:00,6,8,obwodnica-plac20,205,203,2,0
2026-09-06T06:34:19+00:00,6,8,od-czmonia-plac20,572,577,0,0
2026-09-06T06:34:19+00:00,6,8,od-srody-plac20,418,420,0,0
2026-09-06T06:34:19+00:00,6,8,od-gostynia-staszica,320,318,2,0
2026-09-06T06:34:19+00:00,6,8,od-leszna-most-bp,656,624,32,0
2026-09-06T06:34:19+00:00,6,8,od-czempinia-rondo-ak,598,595,3,0
2026-09-06T06:34:19+00:00,6,8,objazd-gostynska,272,273,0,0
2026-09-06T06:34:19+00:00,6,8,wyjazd-plac20-czmon,580,581,0,0
2026-09-06T06:44:17+00:00,6,8,obwodnica-plac20,205,203,2,0
2026-09-06T06:44:17+00:00,6,8,od-czmonia-plac20,572,577,0,0
2026-09-06T06:44:17+00:00,6,8,od-srody-plac20,418,420,0,0
2026-09-06T06:44:17+00:00,6,8,od-gostynia-staszica,320,318,2,0
2026-09-06T06:44:17+00:00,6,8,od-leszna-most-bp,656,624,32,0
2026-09-06T06:44:17+00:00,6,8,od-czempinia-rondo-ak,541,497,44,37
2026-09-06T06:44:17+00:00,6,8,objazd-gostynska,272,273,0,0
2026-09-06T06:44:17+00:00,6,8,wyjazd-plac20-czmon,580,581,0,0
2026-09-06T06:54:17+00:00,6,8,obwodnica-plac20,205,203,2,0
2026-09-06T06:54:17+00:00,6,8,od-czmonia-plac20,572,577,0,0
2026-09-06T06:54:17+00:00,6,8,od-srody-plac20,417,420,0,0
2026-09-06T06:54:17+00:00,6,8,od-gostynia-staszica,321,318,3,0
2026-09-06T06:54:17+00:00,6,8,od-leszna-most-bp,657,624,33,0
2026-09-06T06:54:17+00:00,6,8,od-czempinia-rondo-ak,566,497,69,61
2026-09-06T06:54:17+00:00,6,8,objazd-gostynska,272,273,0,0
2026-09-06T06:54:17+00:00,6,8,wyjazd-plac20-czmon,580,581,0,0
2026-09-06T07:04:18+00:00,6,9,obwodnica-plac20,203,203,0,0
2026-09-06T07:04:18+00:00,6,9,od-czmonia-plac20,567,577,0,0
2026-09-06T07:04:18+00:00,6,9,od-srody-plac20,413,420,0,0
2026-09-06T07:04:18+00:00,6,9,od-gostynia-staszica,318,318,0,0
2026-09-06T07:04:18+00:00,6,9,od-leszna-most-bp,652,624,28,0
2026-09-06T07:04:18+00:00,6,9,od-czempinia-rondo-ak,502,497,5,0
2026-09-06T07:04:18+00:00,6,9,objazd-gostynska,270,273,0,0
2026-09-06T07:04:18+00:00,6,9,wyjazd-plac20-czmon,574,581,0,0
2026-09-06T07:14:17+00:00,6,9,obwodnica-plac20,203,203,0,0
2026-09-06T07:14:17+00:00,6,9,od-czmonia-plac20,567,577,0,0
2026-09-06T07:14:17+00:00,6,9,od-srody-plac20,413,420,0,0
2026-09-06T07:14:17+00:00,6,9,od-gostynia-staszica,318,318,0,0
2026-09-06T07:14:17+00:00,6,9,od-leszna-most-bp,653,624,29,0
2026-09-06T07:14:17+00:00,6,9,od-czempinia-rondo-ak,555,497,58,53
2026-09-06T07:14:17+00:00,6,9,objazd-gostynska,270,273,0,0
2026-09-06T07:14:17+00:00,6,9,wyjazd-plac20-czmon,574,581,0,0
2026-09-06T07:24:17+00:00,6,9,obwodnica-plac20,203,203,0,0
2026-09-06T07:24:17+00:00,6,9,od-czmonia-plac20,567,577,0,0
2026-09-06T07:24:17+00:00,6,9,od-srody-plac20,413,420,0,0
2026-09-06T07:24:17+00:00,6,9,od-gostynia-staszica,318,318,0,0
2026-09-06T07:24:17+00:00,6,9,od-leszna-most-bp,653,624,29,0
2026-09-06T07:24:17+00:00,6,9,od-czempinia-rondo-ak,503,497,6,0
2026-09-06T07:24:17+00:00,6,9,objazd-gostynska,270,273,0,0
2026-09-06T07:24:17+00:00,6,9,wyjazd-plac20-czmon,575,581,0,0
2026-09-06T07:34:16+00:00,6,9,obwodnica-plac20,203,203,0,0
2026-09-06T07:34:16+00:00,6,9,od-czmonia-plac20,567,577,0,0
2026-09-06T07:34:16+00:00,6,9,od-srody-plac20,413,420,0,0
2026-09-06T07:34:16+00:00,6,9,od-gostynia-staszica,318,318,0,0
2026-09-06T07:34:16+00:00,6,9,od-leszna-most-bp,655,624,31,0
2026-09-06T07:34:16+00:00,6,9,od-czempinia-rondo-ak,557,497,60,53
2026-09-06T07:34:16+00:00,6,9,objazd-gostynska,270,273,0,0
2026-09-06T07:34:16+00:00,6,9,wyjazd-plac20-czmon,575,581,0,0
2026-09-06T07:44:17+00:00,6,9,obwodnica-plac20,203,203,0,0
2026-09-06T07:44:17+00:00,6,9,od-czmonia-plac20,568,577,0,0
2026-09-06T07:44:17+00:00,6,9,od-srody-plac20,414,420,0,0
2026-09-06T07:44:17+00:00,6,9,od-gostynia-staszica,319,318,1,0
2026-09-06T07:44:17+00:00,6,9,od-leszna-most-bp,659,624,35,0
2026-09-06T07:44:17+00:00,6,9,od-czempinia-rondo-ak,507,497,10,0
2026-09-06T07:44:17+00:00,6,9,objazd-gostynska,271,273,0,0
2026-09-06T07:44:17+00:00,6,9,wyjazd-plac20-czmon,576,581,0,0
2026-09-06T07:54:17+00:00,6,9,obwodnica-plac20,203,203,0,0
2026-09-06T07:54:17+00:00,6,9,od-czmonia-plac20,568,577,0,0
2026-09-06T07:54:17+00:00,6,9,od-srody-plac20,414,420,0,0
2026-09-06T07:54:17+00:00,6,9,od-gostynia-staszica,320,318,2,0
2026-09-06T07:54:17+00:00,6,9,od-leszna-most-bp,660,624,36,0
2026-09-06T07:54:17+00:00,6,9,od-czempinia-rondo-ak,508,497,11,0
2026-09-06T07:54:17+00:00,6,9,objazd-gostynska,271,273,0,0
2026-09-06T07:54:17+00:00,6,9,wyjazd-plac20-czmon,576,581,0,0
2026-09-06T08:12:18+00:00,6,10,obwodnica-plac20,207,203,4,0
2026-09-06T08:12:18+00:00,6,10,od-czmonia-plac20,578,577,1,0
2026-09-06T08:12:18+00:00,6,10,od-srody-plac20,422,420,2,0
2026-09-06T08:12:18+00:00,6,10,od-gostynia-staszica,326,318,8,0
2026-09-06T08:12:18+00:00,6,10,od-leszna-most-bp,676,624,52,0
2026-09-06T08:12:18+00:00,6,10,od-czempinia-rondo-ak,519,497,22,0
2026-09-06T08:12:18+00:00,6,10,objazd-gostynska,276,273,3,0
2026-09-06T08:12:18+00:00,6,10,wyjazd-plac20-czmon,587,581,6,0
2026-09-06T08:32:52+00:00,6,10,obwodnica-plac20,207,203,4,0
2026-09-06T08:32:52+00:00,6,10,od-czmonia-plac20,579,577,2,0
2026-09-06T08:32:52+00:00,6,10,od-srody-plac20,422,420,2,0
2026-09-06T08:32:52+00:00,6,10,od-gostynia-staszica,328,318,10,0
2026-09-06T08:32:52+00:00,6,10,od-leszna-most-bp,680,624,56,0
2026-09-06T08:32:52+00:00,6,10,od-czempinia-rondo-ak,592,497,95,72
2026-09-06T08:32:52+00:00,6,10,objazd-gostynska,277,273,4,0
2026-09-06T08:32:52+00:00,6,10,wyjazd-plac20-czmon,589,581,8,0
2026-09-06T08:52:16+00:00,6,10,obwodnica-plac20,208,203,5,0
2026-09-06T08:52:16+00:00,6,10,od-czmonia-plac20,579,577,2,0
2026-09-06T08:52:16+00:00,6,10,od-srody-plac20,423,420,3,0
2026-09-06T08:52:16+00:00,6,10,od-gostynia-staszica,329,318,11,0
2026-09-06T08:52:16+00:00,6,10,od-leszna-most-bp,685,624,61,0
2026-09-06T08:52:16+00:00,6,10,od-czempinia-rondo-ak,525,497,28,0
2026-09-06T08:52:16+00:00,6,10,objazd-gostynska,278,273,5,0
2026-09-06T08:52:16+00:00,6,10,wyjazd-plac20-czmon,590,581,9,0
2026-09-06T09:12:21+00:00,6,11,obwodnica-plac20,208,203,5,0
2026-09-06T09:12:21+00:00,6,11,od-czmonia-plac20,581,577,4,0
2026-09-06T09:12:21+00:00,6,11,od-srody-plac20,423,420,3,0
2026-09-06T09:12:21+00:00,6,11,od-gostynia-staszica,329,318,11,0
2026-09-06T09:12:21+00:00,6,11,od-leszna-most-bp,688,624,64,0
2026-09-06T09:12:21+00:00,6,11,od-czempinia-rondo-ak,615,595,20,0
2026-09-06T09:12:21+00:00,6,11,objazd-gostynska,278,273,5,0
2026-09-06T09:12:21+00:00,6,11,wyjazd-plac20-czmon,592,581,11,0
2026-09-06T09:32:18+00:00,6,11,obwodnica-plac20,208,203,5,0
2026-09-06T09:32:18+00:00,6,11,od-czmonia-plac20,581,577,4,0
2026-09-06T09:32:18+00:00,6,11,od-srody-plac20,424,420,4,0
2026-09-06T09:32:18+00:00,6,11,od-gostynia-staszica,330,318,12,0
2026-09-06T09:32:18+00:00,6,11,od-leszna-most-bp,693,624,69,0
2026-09-06T09:32:18+00:00,6,11,od-czempinia-rondo-ak,529,497,32,0
2026-09-06T09:32:18+00:00,6,11,objazd-gostynska,279,273,6,0
2026-09-06T09:32:18+00:00,6,11,wyjazd-plac20-czmon,593,581,12,0
2026-09-06T09:52:18+00:00,6,11,obwodnica-plac20,208,203,5,0
2026-09-06T09:52:18+00:00,6,11,od-czmonia-plac20,581,577,4,0
2026-09-06T09:52:18+00:00,6,11,od-srody-plac20,423,420,3,0
2026-09-06T09:52:18+00:00,6,11,od-gostynia-staszica,330,318,12,0
2026-09-06T09:52:18+00:00,6,11,od-leszna-most-bp,693,624,69,0
2026-09-06T09:52:18+00:00,6,11,od-czempinia-rondo-ak,616,595,21,0
2026-09-06T09:52:18+00:00,6,11,objazd-gostynska,279,273,6,0
2026-09-06T09:52:18+00:00,6,11,wyjazd-plac20-czmon,593,581,12,0
2026-09-06T10:12:19+00:00,6,12,obwodnica-plac20,208,203,5,0
2026-09-06T10:12:19+00:00,6,12,od-czmonia-plac20,582,577,5,0
2026-09-06T10:12:19+00:00,6,12,od-srody-plac20,423,420,3,0
2026-09-06T10:12:19+00:00,6,12,od-gostynia-staszica,330,318,12,0
2026-09-06T10:12:19+00:00,6,12,od-leszna-most-bp,693,624,69,0
2026-09-06T10:12:19+00:00,6,12,od-czempinia-rondo-ak,616,595,21,0
2026-09-06T10:12:19+00:00,6,12,objazd-gostynska,279,273,6,0
2026-09-06T10:12:19+00:00,6,12,wyjazd-plac20-czmon,594,581,13,0
2026-09-06T10:32:17+00:00,6,12,obwodnica-plac20,208,203,5,0
2026-09-06T10:32:17+00:00,6,12,od-czmonia-plac20,582,577,5,0
2026-09-06T10:32:17+00:00,6,12,od-srody-plac20,423,420,3,0
2026-09-06T10:32:17+00:00,6,12,od-gostynia-staszica,330,318,12,0
2026-09-06T10:32:17+00:00,6,12,od-leszna-most-bp,692,624,68,0
2026-09-06T10:32:17+00:00,6,12,od-czempinia-rondo-ak,601,497,104,72
2026-09-06T10:32:17+00:00,6,12,objazd-gostynska,279,273,6,0
2026-09-06T10:32:17+00:00,6,12,wyjazd-plac20-czmon,595,581,14,0
2026-09-06T10:52:17+00:00,6,12,obwodnica-plac20,208,203,5,0
2026-09-06T10:52:17+00:00,6,12,od-czmonia-plac20,583,577,6,0
2026-09-06T10:52:17+00:00,6,12,od-srody-plac20,423,420,3,0
2026-09-06T10:52:17+00:00,6,12,od-gostynia-staszica,330,318,12,0
2026-09-06T10:52:17+00:00,6,12,od-leszna-most-bp,693,624,69,0
2026-09-06T10:52:17+00:00,6,12,od-czempinia-rondo-ak,531,497,34,0
2026-09-06T10:52:17+00:00,6,12,objazd-gostynska,279,273,6,0
2026-09-06T10:52:17+00:00,6,12,wyjazd-plac20-czmon,595,581,14,0
2026-09-06T11:12:17+00:00,6,13,obwodnica-plac20,208,203,5,0
2026-09-06T11:12:17+00:00,6,13,od-czmonia-plac20,583,577,6,0
2026-09-06T11:12:17+00:00,6,13,od-srody-plac20,423,420,3,0
2026-09-06T11:12:17+00:00,6,13,od-gostynia-staszica,330,318,12,0
2026-09-06T11:12:17+00:00,6,13,od-leszna-most-bp,693,624,69,0
2026-09-06T11:12:17+00:00,6,13,od-czempinia-rondo-ak,531,497,34,0
2026-09-06T11:12:17+00:00,6,13,objazd-gostynska,280,273,7,0
2026-09-06T11:12:17+00:00,6,13,wyjazd-plac20-czmon,595,581,14,0
2026-09-06T11:32:23+00:00,6,13,obwodnica-plac20,208,203,5,0
2026-09-06T11:32:23+00:00,6,13,od-czmonia-plac20,583,577,6,0
2026-09-06T11:32:23+00:00,6,13,od-srody-plac20,424,420,4,0
2026-09-06T11:32:23+00:00,6,13,od-gostynia-staszica,330,318,12,0
2026-09-06T11:32:23+00:00,6,13,od-leszna-most-bp,694,624,70,0
2026-09-06T11:32:23+00:00,6,13,od-czempinia-rondo-ak,532,497,35,0
2026-09-06T11:32:23+00:00,6,13,objazd-gostynska,280,273,7,0
2026-09-06T11:32:23+00:00,6,13,wyjazd-plac20-czmon,595,581,14,0
2026-09-06T11:52:18+00:00,6,13,obwodnica-plac20,208,203,5,0
2026-09-06T11:52:18+00:00,6,13,od-czmonia-plac20,583,577,6,0
2026-09-06T11:52:18+00:00,6,13,od-srody-plac20,424,420,4,0
2026-09-06T11:52:18+00:00,6,13,od-gostynia-staszica,331,318,13,0
2026-09-06T11:52:18+00:00,6,13,od-leszna-most-bp,695,624,71,0
2026-09-06T11:52:18+00:00,6,13,od-czempinia-rondo-ak,618,595,23,0
2026-09-06T11:52:18+00:00,6,13,objazd-gostynska,280,273,7,0
2026-09-06T11:52:18+00:00,6,13,wyjazd-plac20-czmon,595,581,14,0
2026-09-06T12:04:18+00:00,6,14,obwodnica-plac20,208,203,5,0
2026-09-06T12:04:18+00:00,6,14,od-czmonia-plac20,582,577,5,0
2026-09-06T12:04:18+00:00,6,14,od-srody-plac20,424,420,4,0
2026-09-06T12:04:18+00:00,6,14,od-gostynia-staszica,331,318,13,0
2026-09-06T12:04:18+00:00,6,14,od-leszna-most-bp,698,624,74,0
2026-09-06T12:04:18+00:00,6,14,od-czempinia-rondo-ak,619,595,24,0
2026-09-06T12:04:18+00:00,6,14,objazd-gostynska,280,273,7,0
2026-09-06T12:04:18+00:00,6,14,wyjazd-plac20-czmon,596,581,15,0
2026-09-06T12:14:18+00:00,6,14,obwodnica-plac20,208,203,5,0
2026-09-06T12:14:18+00:00,6,14,od-czmonia-plac20,582,577,5,0
2026-09-06T12:14:18+00:00,6,14,od-srody-plac20,424,420,4,0
2026-09-06T12:14:18+00:00,6,14,od-gostynia-staszica,331,318,13,0
2026-09-06T12:14:18+00:00,6,14,od-leszna-most-bp,700,624,76,0
2026-09-06T12:14:18+00:00,6,14,od-czempinia-rondo-ak,619,595,24,0
2026-09-06T12:14:18+00:00,6,14,objazd-gostynska,280,273,7,0
2026-09-06T12:14:18+00:00,6,14,wyjazd-plac20-czmon,596,581,15,0
2026-09-06T12:24:19+00:00,6,14,obwodnica-plac20,208,203,5,0
2026-09-06T12:24:19+00:00,6,14,od-czmonia-plac20,582,577,5,0
2026-09-06T12:24:19+00:00,6,14,od-srody-plac20,425,420,5,0
2026-09-06T12:24:19+00:00,6,14,od-gostynia-staszica,331,318,13,0
2026-09-06T12:24:19+00:00,6,14,od-leszna-most-bp,700,624,76,0
2026-09-06T12:24:19+00:00,6,14,od-czempinia-rondo-ak,619,595,24,0
2026-09-06T12:24:19+00:00,6,14,objazd-gostynska,281,273,8,0
2026-09-06T12:24:19+00:00,6,14,wyjazd-plac20-czmon,597,581,16,0
2026-09-06T12:34:18+00:00,6,14,obwodnica-plac20,208,203,5,0
2026-09-06T12:34:18+00:00,6,14,od-czmonia-plac20,582,577,5,0
2026-09-06T12:34:18+00:00,6,14,od-srody-plac20,425,420,5,0
2026-09-06T12:34:18+00:00,6,14,od-gostynia-staszica,331,318,13,0
2026-09-06T12:34:18+00:00,6,14,od-leszna-most-bp,702,624,78,0
2026-09-06T12:34:18+00:00,6,14,od-czempinia-rondo-ak,620,595,25,0
2026-09-06T12:34:18+00:00,6,14,objazd-gostynska,281,273,8,0
2026-09-06T12:34:18+00:00,6,14,wyjazd-plac20-czmon,598,581,17,0
2026-09-06T12:44:16+00:00,6,14,obwodnica-plac20,209,203,6,0
2026-09-06T12:44:16+00:00,6,14,od-czmonia-plac20,583,577,6,0
2026-09-06T12:44:16+00:00,6,14,od-srody-plac20,425,420,5,0
2026-09-06T12:44:16+00:00,6,14,od-gostynia-staszica,332,318,14,0
2026-09-06T12:44:16+00:00,6,14,od-leszna-most-bp,703,624,79,0
2026-09-06T12:44:16+00:00,6,14,od-czempinia-rondo-ak,588,497,91,53
2026-09-06T12:44:16+00:00,6,14,objazd-gostynska,281,273,8,0
2026-09-06T12:44:16+00:00,6,14,wyjazd-plac20-czmon,598,581,17,0
2026-09-06T12:54:20+00:00,6,14,obwodnica-plac20,209,203,6,0
2026-09-06T12:54:20+00:00,6,14,od-czmonia-plac20,583,577,6,0
2026-09-06T12:54:20+00:00,6,14,od-srody-plac20,425,420,5,0
2026-09-06T12:54:20+00:00,6,14,od-gostynia-staszica,333,318,15,0
2026-09-06T12:54:20+00:00,6,14,od-leszna-most-bp,703,624,79,0
2026-09-06T12:54:20+00:00,6,14,od-czempinia-rondo-ak,620,595,25,0
2026-09-06T12:54:20+00:00,6,14,objazd-gostynska,282,273,9,0
2026-09-06T12:54:20+00:00,6,14,wyjazd-plac20-czmon,598,581,17,0
2026-09-06T13:04:17+00:00,6,15,obwodnica-plac20,209,203,6,0
2026-09-06T13:04:17+00:00,6,15,od-czmonia-plac20,584,577,7,0
2026-09-06T13:04:17+00:00,6,15,od-srody-plac20,426,420,6,0
2026-09-06T13:04:17+00:00,6,15,od-gostynia-staszica,333,318,15,0
2026-09-06T13:04:17+00:00,6,15,od-leszna-most-bp,704,624,80,0
2026-09-06T13:04:17+00:00,6,15,od-czempinia-rondo-ak,620,595,25,0
2026-09-06T13:04:17+00:00,6,15,objazd-gostynska,282,273,9,0
2026-09-06T13:04:17+00:00,6,15,wyjazd-plac20-czmon,600,581,19,0
2026-09-06T13:14:17+00:00,6,15,obwodnica-plac20,209,203,6,0
2026-09-06T13:14:17+00:00,6,15,od-czmonia-plac20,585,577,8,0
2026-09-06T13:14:17+00:00,6,15,od-srody-plac20,426,420,6,0
2026-09-06T13:14:17+00:00,6,15,od-gostynia-staszica,333,318,15,0
2026-09-06T13:14:17+00:00,6,15,od-leszna-most-bp,705,624,81,0
2026-09-06T13:14:17+00:00,6,15,od-czempinia-rondo-ak,597,497,100,61
2026-09-06T13:14:17+00:00,6,15,objazd-gostynska,282,273,9,0
2026-09-06T13:14:17+00:00,6,15,wyjazd-plac20-czmon,600,581,19,0
2026-09-06T13:24:18+00:00,6,15,obwodnica-plac20,210,203,7,0
2026-09-06T13:24:18+00:00,6,15,od-czmonia-plac20,586,577,9,0
2026-09-06T13:24:18+00:00,6,15,od-srody-plac20,427,420,7,0
2026-09-06T13:24:18+00:00,6,15,od-gostynia-staszica,334,318,16,0
2026-09-06T13:24:18+00:00,6,15,od-leszna-most-bp,707,624,83,0
2026-09-06T13:24:18+00:00,6,15,od-czempinia-rondo-ak,538,497,41,0
2026-09-06T13:24:18+00:00,6,15,objazd-gostynska,282,273,9,0
2026-09-06T13:24:18+00:00,6,15,wyjazd-plac20-czmon,603,581,22,0
2026-09-06T13:34:17+00:00,6,15,obwodnica-plac20,211,203,8,0
2026-09-06T13:34:17+00:00,6,15,od-czmonia-plac20,587,577,10,0
2026-09-06T13:34:17+00:00,6,15,od-srody-plac20,428,420,8,0
2026-09-06T13:34:17+00:00,6,15,od-gostynia-staszica,335,318,17,0
2026-09-06T13:34:17+00:00,6,15,od-leszna-most-bp,707,624,83,0
2026-09-06T13:34:17+00:00,6,15,od-czempinia-rondo-ak,583,497,86,47
2026-09-06T13:34:17+00:00,6,15,objazd-gostynska,283,273,10,0
2026-09-06T13:34:17+00:00,6,15,wyjazd-plac20-czmon,603,581,22,0
2026-09-06T13:44:19+00:00,6,15,obwodnica-plac20,211,203,8,0
2026-09-06T13:44:19+00:00,6,15,od-czmonia-plac20,588,577,11,0
2026-09-06T13:44:19+00:00,6,15,od-srody-plac20,429,420,9,0
2026-09-06T13:44:19+00:00,6,15,od-gostynia-staszica,336,318,18,0
2026-09-06T13:44:19+00:00,6,15,od-leszna-most-bp,709,624,85,0
2026-09-06T13:44:19+00:00,6,15,od-czempinia-rondo-ak,538,497,41,0
2026-09-06T13:44:19+00:00,6,15,objazd-gostynska,284,273,11,0
2026-09-06T13:44:19+00:00,6,15,wyjazd-plac20-czmon,604,581,23,0
2026-09-06T13:54:17+00:00,6,15,obwodnica-plac20,212,203,9,0
2026-09-06T13:54:17+00:00,6,15,od-czmonia-plac20,589,577,12,0
2026-09-06T13:54:17+00:00,6,15,od-srody-plac20,430,420,10,0
2026-09-06T13:54:17+00:00,6,15,od-gostynia-staszica,336,318,18,0
2026-09-06T13:54:17+00:00,6,15,od-leszna-most-bp,710,624,86,0
2026-09-06T13:54:17+00:00,6,15,od-czempinia-rondo-ak,624,595,29,0
2026-09-06T13:54:17+00:00,6,15,objazd-gostynska,283,273,10,0
2026-09-06T13:54:17+00:00,6,15,wyjazd-plac20-czmon,605,581,24,0
2026-09-06T14:04:18+00:00,6,16,obwodnica-plac20,213,203,10,0
2026-09-06T14:04:18+00:00,6,16,od-czmonia-plac20,589,577,12,0
2026-09-06T14:04:18+00:00,6,16,od-srody-plac20,431,420,11,0
2026-09-06T14:04:18+00:00,6,16,od-gostynia-staszica,337,318,19,0
2026-09-06T14:04:18+00:00,6,16,od-leszna-most-bp,708,624,84,0
2026-09-06T14:04:18+00:00,6,16,od-czempinia-rondo-ak,624,595,29,0
2026-09-06T14:04:18+00:00,6,16,objazd-gostynska,284,273,11,0
2026-09-06T14:04:18+00:00,6,16,wyjazd-plac20-czmon,605,581,24,0
2026-09-06T14:14:18+00:00,6,16,obwodnica-plac20,214,203,11,0
2026-09-06T14:14:18+00:00,6,16,od-czmonia-plac20,590,577,13,0
2026-09-06T14:14:18+00:00,6,16,od-srody-plac20,432,420,12,0
2026-09-06T14:14:18+00:00,6,16,od-gostynia-staszica,338,318,20,0
2026-09-06T14:14:18+00:00,6,16,od-leszna-most-bp,708,624,84,0
2026-09-06T14:14:18+00:00,6,16,od-czempinia-rondo-ak,539,497,42,0
2026-09-06T14:14:18+00:00,6,16,objazd-gostynska,284,273,11,0
2026-09-06T14:14:18+00:00,6,16,wyjazd-plac20-czmon,605,581,24,0
2026-09-06T14:24:17+00:00,6,16,obwodnica-plac20,215,203,12,0
2026-09-06T14:24:17+00:00,6,16,od-czmonia-plac20,591,577,14,0
2026-09-06T14:24:17+00:00,6,16,od-srody-plac20,433,420,13,0
2026-09-06T14:24:17+00:00,6,16,od-gostynia-staszica,339,318,21,0
2026-09-06T14:24:17+00:00,6,16,od-leszna-most-bp,710,624,86,0
2026-09-06T14:24:17+00:00,6,16,od-czempinia-rondo-ak,585,497,88,47
2026-09-06T14:24:17+00:00,6,16,objazd-gostynska,284,273,11,0
2026-09-06T14:24:17+00:00,6,16,wyjazd-plac20-czmon,607,581,26,0
2026-09-06T14:34:16+00:00,6,16,obwodnica-plac20,216,203,13,0
2026-09-06T14:34:16+00:00,6,16,od-czmonia-plac20,593,577,16,0
2026-09-06T14:34:16+00:00,6,16,od-srody-plac20,434,420,14,0
2026-09-06T14:34:16+00:00,6,16,od-gostynia-staszica,340,318,22,0
2026-09-06T14:34:16+00:00,6,16,od-leszna-most-bp,711,624,87,0
2026-09-06T14:34:16+00:00,6,16,od-czempinia-rondo-ak,625,595,30,0
2026-09-06T14:34:16+00:00,6,16,objazd-gostynska,285,273,12,0
2026-09-06T14:34:16+00:00,6,16,wyjazd-plac20-czmon,608,581,27,0
2026-09-06T14:44:18+00:00,6,16,obwodnica-plac20,218,203,15,0
2026-09-06T14:44:18+00:00,6,16,od-czmonia-plac20,594,577,17,0
2026-09-06T14:44:18+00:00,6,16,od-srody-plac20,436,420,16,0
2026-09-06T14:44:18+00:00,6,16,od-gostynia-staszica,342,318,24,0
2026-09-06T14:44:18+00:00,6,16,od-leszna-most-bp,712,624,88,0
2026-09-06T14:44:18+00:00,6,16,od-czempinia-rondo-ak,627,595,32,0
2026-09-06T14:44:18+00:00,6,16,objazd-gostynska,285,273,12,0
2026-09-06T14:44:18+00:00,6,16,wyjazd-plac20-czmon,615,578,37,0
2026-09-06T14:54:17+00:00,6,16,obwodnica-plac20,219,203,16,0
2026-09-06T14:54:17+00:00,6,16,od-czmonia-plac20,596,577,19,0
2026-09-06T14:54:17+00:00,6,16,od-srody-plac20,437,420,17,0
2026-09-06T14:54:17+00:00,6,16,od-gostynia-staszica,344,318,26,0
2026-09-06T14:54:17+00:00,6,16,od-leszna-most-bp,712,624,88,0
2026-09-06T14:54:17+00:00,6,16,od-czempinia-rondo-ak,593,497,96,53
2026-09-06T14:54:17+00:00,6,16,objazd-gostynska,287,273,14,0
2026-09-06T14:54:17+00:00,6,16,wyjazd-plac20-czmon,615,578,37,0
2026-09-06T15:04:18+00:00,6,17,obwodnica-plac20,219,203,16,0
2026-09-06T15:04:18+00:00,6,17,od-czmonia-plac20,596,577,19,0
2026-09-06T15:04:18+00:00,6,17,od-srody-plac20,437,420,17,0
2026-09-06T15:04:18+00:00,6,17,od-gostynia-staszica,345,318,27,0
2026-09-06T15:04:18+00:00,6,17,od-leszna-most-bp,712,624,88,0
2026-09-06T15:04:18+00:00,6,17,od-czempinia-rondo-ak,628,595,33,0
2026-09-06T15:04:18+00:00,6,17,objazd-gostynska,288,273,15,0
2026-09-06T15:04:18+00:00,6,17,wyjazd-plac20-czmon,616,578,38,0
2026-09-06T15:14:18+00:00,6,17,obwodnica-plac20,219,203,16,0
2026-09-06T15:14:18+00:00,6,17,od-czmonia-plac20,597,577,20,0
2026-09-06T15:14:18+00:00,6,17,od-srody-plac20,438,420,18,0
2026-09-06T15:14:18+00:00,6,17,od-gostynia-staszica,345,318,27,0
2026-09-06T15:14:18+00:00,6,17,od-leszna-most-bp,711,624,87,0
2026-09-06T15:14:18+00:00,6,17,od-czempinia-rondo-ak,628,595,33,0
2026-09-06T15:14:18+00:00,6,17,objazd-gostynska,288,273,15,0
2026-09-06T15:14:18+00:00,6,17,wyjazd-plac20-czmon,617,578,39,0
2026-09-06T15:24:23+00:00,6,17,obwodnica-plac20,220,203,17,0
2026-09-06T15:24:23+00:00,6,17,od-czmonia-plac20,598,577,21,0
2026-09-06T15:24:23+00:00,6,17,od-srody-plac20,438,420,18,0
2026-09-06T15:24:23+00:00,6,17,od-gostynia-staszica,346,318,28,0
2026-09-06T15:24:23+00:00,6,17,od-leszna-most-bp,710,624,86,0
2026-09-06T15:24:23+00:00,6,17,od-czempinia-rondo-ak,591,497,94,53
2026-09-06T15:24:23+00:00,6,17,objazd-gostynska,289,273,16,0
2026-09-06T15:24:23+00:00,6,17,wyjazd-plac20-czmon,618,578,40,0
2026-09-06T15:34:22+00:00,6,17,obwodnica-plac20,220,203,17,0
2026-09-06T15:34:22+00:00,6,17,od-czmonia-plac20,598,577,21,0
2026-09-06T15:34:22+00:00,6,17,od-srody-plac20,437,420,17,0
2026-09-06T15:34:22+00:00,6,17,od-gostynia-staszica,346,318,28,0
2026-09-06T15:34:22+00:00,6,17,od-leszna-most-bp,711,624,87,0
2026-09-06T15:34:22+00:00,6,17,od-czempinia-rondo-ak,585,497,88,47
2026-09-06T15:34:22+00:00,6,17,objazd-gostynska,290,273,17,0
2026-09-06T15:34:22+00:00,6,17,wyjazd-plac20-czmon,617,578,39,0
2026-09-06T15:44:17+00:00,6,17,obwodnica-plac20,219,203,16,0
2026-09-06T15:44:17+00:00,6,17,od-czmonia-plac20,597,577,20,0
2026-09-06T15:44:17+00:00,6,17,od-srody-plac20,437,420,17,0
2026-09-06T15:44:17+00:00,6,17,od-gostynia-staszica,346,318,28,0
2026-09-06T15:44:17+00:00,6,17,od-leszna-most-bp,711,624,87,0
2026-09-06T15:44:17+00:00,6,17,od-czempinia-rondo-ak,575,497,78,37
2026-09-06T15:44:17+00:00,6,17,objazd-gostynska,290,273,17,0
2026-09-06T15:44:17+00:00,6,17,wyjazd-plac20-czmon,617,578,39,0
2026-09-06T15:54:18+00:00,6,17,obwodnica-plac20,218,203,15,0
2026-09-06T15:54:18+00:00,6,17,od-czmonia-plac20,596,577,19,0
2026-09-06T15:54:18+00:00,6,17,od-srody-plac20,436,420,16,0
2026-09-06T15:54:18+00:00,6,17,od-gostynia-staszica,345,318,27,0
2026-09-06T15:54:18+00:00,6,17,od-leszna-most-bp,709,624,85,0
2026-09-06T15:54:18+00:00,6,17,od-czempinia-rondo-ak,539,497,42,0
2026-09-06T15:54:18+00:00,6,17,objazd-gostynska,290,273,17,0
2026-09-06T15:54:18+00:00,6,17,wyjazd-plac20-czmon,616,578,38,0
2026-09-06T16:12:19+00:00,6,18,obwodnica-plac20,214,203,11,0
2026-09-06T16:12:19+00:00,6,18,od-czmonia-plac20,586,577,9,0
2026-09-06T16:12:19+00:00,6,18,od-srody-plac20,429,420,9,0
2026-09-06T16:12:19+00:00,6,18,od-gostynia-staszica,340,318,22,0
2026-09-06T16:12:19+00:00,6,18,od-leszna-most-bp,696,624,72,0
2026-09-06T16:12:19+00:00,6,18,od-czempinia-rondo-ak,532,497,35,0
2026-09-06T16:12:19+00:00,6,18,objazd-gostynska,287,273,14,0
2026-09-06T16:12:19+00:00,6,18,wyjazd-plac20-czmon,607,578,29,0
2026-09-06T16:32:17+00:00,6,18,obwodnica-plac20,211,203,8,0
2026-09-06T16:32:17+00:00,6,18,od-czmonia-plac20,582,577,5,0
2026-09-06T16:32:17+00:00,6,18,od-srody-plac20,426,420,6,0
2026-09-06T16:32:17+00:00,6,18,od-gostynia-staszica,337,318,19,0
2026-09-06T16:32:17+00:00,6,18,od-leszna-most-bp,691,624,67,0
2026-09-06T16:32:17+00:00,6,18,od-czempinia-rondo-ak,616,595,21,0
2026-09-06T16:32:17+00:00,6,18,objazd-gostynska,284,273,11,0
2026-09-06T16:32:17+00:00,6,18,wyjazd-plac20-czmon,602,578,24,0
2026-09-06T16:52:18+00:00,6,18,obwodnica-plac20,208,203,5,0
2026-09-06T16:52:18+00:00,6,18,od-czmonia-plac20,578,577,1,0
2026-09-06T16:52:18+00:00,6,18,od-srody-plac20,423,420,3,0
2026-09-06T16:52:18+00:00,6,18,od-gostynia-staszica,333,318,15,0
2026-09-06T16:52:18+00:00,6,18,od-leszna-most-bp,685,624,61,0
2026-09-06T16:52:18+00:00,6,18,od-czempinia-rondo-ak,595,497,98,72
2026-09-06T16:52:18+00:00,6,18,objazd-gostynska,281,273,8,0
2026-09-06T16:52:18+00:00,6,18,wyjazd-plac20-czmon,593,581,12,0
2026-09-06T17:12:17+00:00,6,19,obwodnica-plac20,209,203,6,0
2026-09-06T17:12:17+00:00,6,19,od-czmonia-plac20,582,577,5,0
2026-09-06T17:12:17+00:00,6,19,od-srody-plac20,426,420,6,0
2026-09-06T17:12:17+00:00,6,19,od-gostynia-staszica,335,318,17,0
2026-09-06T17:12:17+00:00,6,19,od-leszna-most-bp,688,624,64,0
2026-09-06T17:12:17+00:00,6,19,od-czempinia-rondo-ak,598,497,101,72
2026-09-06T17:12:17+00:00,6,19,objazd-gostynska,282,273,9,0
2026-09-06T17:12:17+00:00,6,19,wyjazd-plac20-czmon,595,581,14,0
2026-09-06T17:32:20+00:00,6,19,obwodnica-plac20,208,203,5,0
2026-09-06T17:32:20+00:00,6,19,od-czmonia-plac20,580,577,3,0
2026-09-06T17:32:20+00:00,6,19,od-srody-plac20,425,420,5,0
2026-09-06T17:32:20+00:00,6,19,od-gostynia-staszica,333,318,15,0
2026-09-06T17:32:20+00:00,6,19,od-leszna-most-bp,680,624,56,0
2026-09-06T17:32:20+00:00,6,19,od-czempinia-rondo-ak,593,497,96,72
2026-09-06T17:32:20+00:00,6,19,objazd-gostynska,281,273,8,0
2026-09-06T17:32:20+00:00,6,19,wyjazd-plac20-czmon,592,581,11,0
2026-09-06T17:52:18+00:00,6,19,obwodnica-plac20,207,203,4,0
2026-09-06T17:52:18+00:00,6,19,od-czmonia-plac20,579,577,2,0
2026-09-06T17:52:18+00:00,6,19,od-srody-plac20,424,420,4,0
2026-09-06T17:52:18+00:00,6,19,od-gostynia-staszica,331,318,13,0
2026-09-06T17:52:18+00:00,6,19,od-leszna-most-bp,807,624,183,151
2026-09-06T17:52:18+00:00,6,19,od-czempinia-rondo-ak,559,497,62,41
2026-09-06T17:52:18+00:00,6,19,objazd-gostynska,280,273,7,0
2026-09-06T17:52:18+00:00,6,19,wyjazd-plac20-czmon,590,581,9,0
2026-09-07T04:04:22+00:00,0,6,obwodnica-plac20,213,203,10,0
2026-09-07T04:04:22+00:00,0,6,od-czmonia-plac20,627,577,50,0
2026-09-07T04:04:22+00:00,0,6,od-srody-plac20,446,420,26,0
2026-09-07T04:04:22+00:00,0,6,od-gostynia-staszica,344,318,26,0
2026-09-07T04:04:22+00:00,0,6,od-leszna-most-bp,710,624,86,0
2026-09-07T04:04:22+00:00,0,6,od-czempinia-rondo-ak,546,497,49,0
2026-09-07T04:04:22+00:00,0,6,objazd-gostynska,299,273,26,0
2026-09-07T04:04:22+00:00,0,6,wyjazd-plac20-czmon,625,578,47,0
2026-09-07T04:14:27+00:00,0,6,obwodnica-plac20,214,203,11,0
2026-09-07T04:14:27+00:00,0,6,od-czmonia-plac20,631,577,54,0
2026-09-07T04:14:27+00:00,0,6,od-srody-plac20,451,420,31,0
2026-09-07T04:14:27+00:00,0,6,od-gostynia-staszica,348,318,30,0
2026-09-07T04:14:27+00:00,0,6,od-leszna-most-bp,721,624,97,0
2026-09-07T04:14:27+00:00,0,6,od-czempinia-rondo-ak,638,595,43,0
2026-09-07T04:14:27+00:00,0,6,objazd-gostynska,301,273,28,0
2026-09-07T04:14:27+00:00,0,6,wyjazd-plac20-czmon,632,578,54,0
2026-09-07T04:24:17+00:00,0,6,obwodnica-plac20,216,203,13,0
2026-09-07T04:24:17+00:00,0,6,od-czmonia-plac20,634,577,57,0
2026-09-07T04:24:17+00:00,0,6,od-srody-plac20,454,420,34,0
2026-09-07T04:24:17+00:00,0,6,od-gostynia-staszica,351,318,33,0
2026-09-07T04:24:17+00:00,0,6,od-leszna-most-bp,735,624,111,0
2026-09-07T04:24:17+00:00,0,6,od-czempinia-rondo-ak,642,595,47,0
2026-09-07T04:24:17+00:00,0,6,objazd-gostynska,304,273,31,0
2026-09-07T04:24:17+00:00,0,6,wyjazd-plac20-czmon,637,578,59,0
2026-09-07T04:34:17+00:00,0,6,obwodnica-plac20,217,203,14,0
2026-09-07T04:34:17+00:00,0,6,od-czmonia-plac20,639,577,62,0
2026-09-07T04:34:17+00:00,0,6,od-srody-plac20,460,420,40,0
2026-09-07T04:34:17+00:00,0,6,od-gostynia-staszica,357,318,39,0
2026-09-07T04:34:17+00:00,0,6,od-leszna-most-bp,750,624,126,0
2026-09-07T04:34:17+00:00,0,6,od-czempinia-rondo-ak,648,595,53,0
2026-09-07T04:34:17+00:00,0,6,objazd-gostynska,308,273,35,0
2026-09-07T04:34:17+00:00,0,6,wyjazd-plac20-czmon,644,578,66,0
2026-09-07T04:44:18+00:00,0,6,obwodnica-plac20,219,203,16,0
2026-09-07T04:44:18+00:00,0,6,od-czmonia-plac20,644,577,67,0
2026-09-07T04:44:18+00:00,0,6,od-srody-plac20,466,420,46,0
2026-09-07T04:44:18+00:00,0,6,od-gostynia-staszica,362,318,44,0
2026-09-07T04:44:18+00:00,0,6,od-leszna-most-bp,862,711,151,0
2026-09-07T04:44:18+00:00,0,6,od-czempinia-rondo-ak,575,497,78,0
2026-09-07T04:44:18+00:00,0,6,objazd-gostynska,312,273,39,0
2026-09-07T04:44:18+00:00,0,6,wyjazd-plac20-czmon,703,639,64,0
2026-09-07T04:54:16+00:00,0,6,obwodnica-plac20,221,203,18,0
2026-09-07T04:54:16+00:00,0,6,od-czmonia-plac20,647,577,70,0
2026-09-07T04:54:16+00:00,0,6,od-srody-plac20,472,420,52,0
2026-09-07T04:54:16+00:00,0,6,od-gostynia-staszica,368,318,50,0
2026-09-07T04:54:16+00:00,0,6,od-leszna-most-bp,783,624,159,0
2026-09-07T04:54:16+00:00,0,6,od-czempinia-rondo-ak,582,497,85,0
2026-09-07T04:54:16+00:00,0,6,objazd-gostynska,497,273,224,191
2026-09-07T04:54:16+00:00,0,6,wyjazd-plac20-czmon,649,581,68,0
2026-09-07T05:04:16+00:00,0,7,obwodnica-plac20,222,203,19,0
2026-09-07T05:04:16+00:00,0,7,od-czmonia-plac20,651,577,74,0
2026-09-07T05:04:16+00:00,0,7,od-srody-plac20,463,420,43,0
2026-09-07T05:04:16+00:00,0,7,od-gostynia-staszica,362,318,44,0
2026-09-07T05:04:16+00:00,0,7,od-leszna-most-bp,784,624,160,0
2026-09-07T05:04:16+00:00,0,7,od-czempinia-rondo-ak,590,497,93,0
2026-09-07T05:04:16+00:00,0,7,objazd-gostynska,856,273,583,555
2026-09-07T05:04:16+00:00,0,7,wyjazd-plac20-czmon,652,581,71,0
2026-09-07T05:14:18+00:00,0,7,obwodnica-plac20,218,203,15,0
2026-09-07T05:14:18+00:00,0,7,od-czmonia-plac20,634,577,57,0
2026-09-07T05:14:18+00:00,0,7,od-srody-plac20,467,420,47,0
2026-09-07T05:14:18+00:00,0,7,od-gostynia-staszica,366,318,48,0
2026-09-07T05:14:18+00:00,0,7,od-leszna-most-bp,799,624,175,0
2026-09-07T05:14:18+00:00,0,7,od-czempinia-rondo-ak,651,595,56,0
2026-09-07T05:14:18+00:00,0,7,objazd-gostynska,1052,273,779,765
2026-09-07T05:14:18+00:00,0,7,wyjazd-plac20-czmon,634,581,53,0
2026-09-07T05:24:18+00:00,0,7,obwodnica-plac20,219,203,16,0
2026-09-07T05:24:18+00:00,0,7,od-czmonia-plac20,637,577,60,0
2026-09-07T05:24:18+00:00,0,7,od-srody-plac20,471,420,51,0
2026-09-07T05:24:18+00:00,0,7,od-gostynia-staszica,545,318,227,200
2026-09-07T05:24:18+00:00,0,7,od-leszna-most-bp,817,624,193,2
2026-09-07T05:24:18+00:00,0,7,od-czempinia-rondo-ak,657,595,62,0
2026-09-07T05:24:18+00:00,0,7,objazd-gostynska,906,377,529,509
2026-09-07T05:24:18+00:00,0,7,wyjazd-plac20-czmon,641,581,60,2
2026-09-07T05:34:18+00:00,0,7,obwodnica-plac20,221,203,18,0
2026-09-07T05:34:18+00:00,0,7,od-czmonia-plac20,638,577,61,0
2026-09-07T05:34:18+00:00,0,7,od-srody-plac20,544,420,124,96
2026-09-07T05:34:18+00:00,0,7,od-gostynia-staszica,636,318,318,288
2026-09-07T05:34:18+00:00,0,7,od-leszna-most-bp,918,711,207,1
2026-09-07T05:34:18+00:00,0,7,od-czempinia-rondo-ak,662,595,67,0
2026-09-07T05:34:18+00:00,0,7,objazd-gostynska,887,273,614,600
2026-09-07T05:34:18+00:00,0,7,wyjazd-plac20-czmon,698,639,59,0
2026-09-07T05:44:17+00:00,0,7,obwodnica-plac20,223,203,20,0
2026-09-07T05:44:17+00:00,0,7,od-czmonia-plac20,642,577,65,0
2026-09-07T05:44:17+00:00,0,7,od-srody-plac20,475,420,55,0
2026-09-07T05:44:17+00:00,0,7,od-gostynia-staszica,746,318,428,402
2026-09-07T05:44:17+00:00,0,7,od-leszna-most-bp,929,711,218,3
2026-09-07T05:44:17+00:00,0,7,od-czempinia-rondo-ak,668,595,73,0
2026-09-07T05:44:17+00:00,0,7,objazd-gostynska,1278,273,1005,995
2026-09-07T05:44:17+00:00,0,7,wyjazd-plac20-czmon,702,639,63,0
2026-09-07T05:54:17+00:00,0,7,obwodnica-plac20,224,203,21,0
2026-09-07T05:54:17+00:00,0,7,od-czmonia-plac20,645,577,68,0
2026-09-07T05:54:17+00:00,0,7,od-srody-plac20,476,420,56,0
2026-09-07T05:54:17+00:00,0,7,od-gostynia-staszica,1091,882,209,146
2026-09-07T05:54:17+00:00,0,7,od-leszna-most-bp,950,624,326,173
2026-09-07T05:54:17+00:00,0,7,od-czempinia-rondo-ak,612,497,115,0
2026-09-07T05:54:17+00:00,0,7,objazd-gostynska,1228,467,761,740
2026-09-07T05:54:17+00:00,0,7,wyjazd-plac20-czmon,645,581,64,2
2026-09-07T06:04:18+00:00,0,8,obwodnica-plac20,255,203,52,32
2026-09-07T06:04:18+00:00,0,8,od-czmonia-plac20,659,618,41,0
2026-09-07T06:04:18+00:00,0,8,od-srody-plac20,639,420,219,186
2026-09-07T06:04:18+00:00,0,8,od-gostynia-staszica,972,882,90,0
2026-09-07T06:04:18+00:00,0,8,od-leszna-most-bp,842,624,218,2
2026-09-07T06:04:18+00:00,0,8,od-czempinia-rondo-ak,679,595,84,0
2026-09-07T06:04:18+00:00,0,8,objazd-gostynska,1345,377,968,956
2026-09-07T06:04:18+00:00,0,8,wyjazd-plac20-czmon,655,581,74,8
2026-09-07T06:14:18+00:00,0,8,obwodnica-plac20,227,203,24,0
2026-09-07T06:14:18+00:00,0,8,od-czmonia-plac20,666,618,48,0
2026-09-07T06:14:18+00:00,0,8,od-srody-plac20,477,420,57,0
2026-09-07T06:14:18+00:00,0,8,od-gostynia-staszica,383,318,65,0
2026-09-07T06:14:18+00:00,0,8,od-leszna-most-bp,845,624,221,1
2026-09-07T06:14:18+00:00,0,8,od-czempinia-rondo-ak,621,497,124,0
2026-09-07T06:14:18+00:00,0,8,objazd-gostynska,1050,273,777,748
2026-09-07T06:14:18+00:00,0,8,wyjazd-plac20-czmon,645,581,64,1
2026-09-07T06:24:18+00:00,0,8,obwodnica-plac20,228,203,25,0
2026-09-07T06:24:18+00:00,0,8,od-czmonia-plac20,666,618,48,0
2026-09-07T06:24:18+00:00,0,8,od-srody-plac20,475,420,55,0
2026-09-07T06:24:18+00:00,0,8,od-gostynia-staszica,381,318,63,0
2026-09-07T06:24:18+00:00,0,8,od-leszna-most-bp,934,711,223,3
2026-09-07T06:24:18+00:00,0,8,od-czempinia-rondo-ak,677,595,82,0
2026-09-07T06:24:18+00:00,0,8,objazd-gostynska,1110,273,837,826
2026-09-07T06:24:18+00:00,0,8,wyjazd-plac20-czmon,706,639,67,0
2026-09-07T06:34:19+00:00,0,8,obwodnica-plac20,227,203,24,0
2026-09-07T06:34:19+00:00,0,8,od-czmonia-plac20,644,577,67,0
2026-09-07T06:34:19+00:00,0,8,od-srody-plac20,473,420,53,0
2026-09-07T06:34:19+00:00,0,8,od-gostynia-staszica,380,318,62,0
2026-09-07T06:34:19+00:00,0,8,od-leszna-most-bp,836,624,212,0
2026-09-07T06:34:19+00:00,0,8,od-czempinia-rondo-ak,618,497,121,0
2026-09-07T06:34:19+00:00,0,8,objazd-gostynska,900,467,433,378
2026-09-07T06:34:19+00:00,0,8,wyjazd-plac20-czmon,640,581,59,0
2026-09-07T06:44:19+00:00,0,8,obwodnica-plac20,227,203,24,0
2026-09-07T06:44:19+00:00,0,8,od-czmonia-plac20,642,577,65,0
2026-09-07T06:44:19+00:00,0,8,od-srody-plac20,470,420,50,0
2026-09-07T06:44:19+00:00,0,8,od-gostynia-staszica,517,318,199,147
2026-09-07T06:44:19+00:00,0,8,od-leszna-most-bp,831,624,207,0
2026-09-07T06:44:19+00:00,0,8,od-czempinia-rondo-ak,617,497,120,0
2026-09-07T06:44:19+00:00,0,8,objazd-gostynska,798,273,525,496
2026-09-07T06:44:19+00:00,0,8,wyjazd-plac20-czmon,635,581,54,0
2026-09-07T06:54:18+00:00,0,8,obwodnica-plac20,227,203,24,0
2026-09-07T06:54:18+00:00,0,8,od-czmonia-plac20,640,577,63,0
2026-09-07T06:54:18+00:00,0,8,od-srody-plac20,467,420,47,0
2026-09-07T06:54:18+00:00,0,8,od-gostynia-staszica,377,318,59,0
2026-09-07T06:54:18+00:00,0,8,od-leszna-most-bp,825,624,201,0
2026-09-07T06:54:18+00:00,0,8,od-czempinia-rondo-ak,672,595,77,0
2026-09-07T06:54:18+00:00,0,8,objazd-gostynska,686,273,413,394
2026-09-07T06:54:18+00:00,0,8,wyjazd-plac20-czmon,633,581,52,0
2026-09-07T07:04:18+00:00,0,9,obwodnica-plac20,226,203,23,0
2026-09-07T07:04:18+00:00,0,9,od-czmonia-plac20,628,577,51,0
2026-09-07T07:04:18+00:00,0,9,od-srody-plac20,455,420,35,0
2026-09-07T07:04:18+00:00,0,9,od-gostynia-staszica,374,318,56,0
2026-09-07T07:04:18+00:00,0,9,od-leszna-most-bp,792,624,168,0
2026-09-07T07:04:18+00:00,0,9,od-czempinia-rondo-ak,593,497,96,0
2026-09-07T07:04:18+00:00,0,9,objazd-gostynska,527,273,254,214
2026-09-07T07:04:18+00:00,0,9,wyjazd-plac20-czmon,623,581,42,0
2026-09-07T07:14:19+00:00,0,9,obwodnica-plac20,221,203,18,0
2026-09-07T07:14:19+00:00,0,9,od-czmonia-plac20,628,577,51,0
2026-09-07T07:14:19+00:00,0,9,od-srody-plac20,454,420,34,0
2026-09-07T07:14:19+00:00,0,9,od-gostynia-staszica,365,318,47,0
2026-09-07T07:14:19+00:00,0,9,od-leszna-most-bp,790,624,166,0
2026-09-07T07:14:19+00:00,0,9,od-czempinia-rondo-ak,658,595,63,0
2026-09-07T07:14:19+00:00,0,9,objazd-gostynska,318,273,45,0
2026-09-07T07:14:19+00:00,0,9,wyjazd-plac20-czmon,622,581,41,0
2026-09-07T07:24:18+00:00,0,9,obwodnica-plac20,221,203,18,0
2026-09-07T07:24:18+00:00,0,9,od-czmonia-plac20,628,577,51,0
2026-09-07T07:24:18+00:00,0,9,od-srody-plac20,453,420,33,0
2026-09-07T07:24:18+00:00,0,9,od-gostynia-staszica,365,318,47,0
2026-09-07T07:24:18+00:00,0,9,od-leszna-most-bp,789,624,165,0
2026-09-07T07:24:18+00:00,0,9,od-czempinia-rondo-ak,642,497,145,53
2026-09-07T07:24:18+00:00,0,9,objazd-gostynska,318,273,45,0
2026-09-07T07:24:18+00:00,0,9,wyjazd-plac20-czmon,621,581,40,0
2026-09-07T07:34:17+00:00,0,9,obwodnica-plac20,221,203,18,0
2026-09-07T07:34:17+00:00,0,9,od-czmonia-plac20,628,577,51,0
2026-09-07T07:34:17+00:00,0,9,od-srody-plac20,453,420,33,0
2026-09-07T07:34:17+00:00,0,9,od-gostynia-staszica,364,318,46,0
2026-09-07T07:34:17+00:00,0,9,od-leszna-most-bp,786,624,162,0
2026-09-07T07:34:17+00:00,0,9,od-czempinia-rondo-ak,658,595,63,0
2026-09-07T07:34:17+00:00,0,9,objazd-gostynska,317,273,44,0
2026-09-07T07:34:17+00:00,0,9,wyjazd-plac20-czmon,620,581,39,0
2026-09-07T07:44:20+00:00,0,9,obwodnica-plac20,221,203,18,0
2026-09-07T07:44:20+00:00,0,9,od-czmonia-plac20,627,577,50,0
2026-09-07T07:44:20+00:00,0,9,od-srody-plac20,452,420,32,0
2026-09-07T07:44:20+00:00,0,9,od-gostynia-staszica,364,318,46,0
2026-09-07T07:44:20+00:00,0,9,od-leszna-most-bp,786,624,162,0
2026-09-07T07:44:20+00:00,0,9,od-czempinia-rondo-ak,642,497,145,53
2026-09-07T07:44:20+00:00,0,9,objazd-gostynska,317,273,44,0
2026-09-07T07:44:20+00:00,0,9,wyjazd-plac20-czmon,620,581,39,0
2026-09-07T07:54:36+00:00,0,9,obwodnica-plac20,221,203,18,0
2026-09-07T07:54:36+00:00,0,9,od-czmonia-plac20,628,577,51,0
2026-09-07T07:54:36+00:00,0,9,od-srody-plac20,452,420,32,0
2026-09-07T07:54:36+00:00,0,9,od-gostynia-staszica,364,318,46,0
2026-09-07T07:54:36+00:00,0,9,od-leszna-most-bp,786,624,162,0
2026-09-07T07:54:36+00:00,0,9,od-czempinia-rondo-ak,658,595,63,0
2026-09-07T07:54:36+00:00,0,9,objazd-gostynska,316,273,43,0
2026-09-07T07:54:36+00:00,0,9,wyjazd-plac20-czmon,619,581,38,0
2026-09-07T08:12:18+00:00,0,10,obwodnica-plac20,220,203,17,0
2026-09-07T08:12:18+00:00,0,10,od-czmonia-plac20,625,577,48,0
2026-09-07T08:12:18+00:00,0,10,od-srody-plac20,450,420,30,0
2026-09-07T08:12:18+00:00,0,10,od-gostynia-staszica,363,318,45,0
2026-09-07T08:12:18+00:00,0,10,od-leszna-most-bp,781,624,157,0
2026-09-07T08:12:18+00:00,0,10,od-czempinia-rondo-ak,659,595,64,0
2026-09-07T08:12:18+00:00,0,10,objazd-gostynska,316,273,43,0
2026-09-07T08:12:18+00:00,0,10,wyjazd-plac20-czmon,618,581,37,0
2026-09-07T08:32:17+00:00,0,10,obwodnica-plac20,221,203,18,0
2026-09-07T08:32:17+00:00,0,10,od-czmonia-plac20,626,577,49,0
2026-09-07T08:32:17+00:00,0,10,od-srody-plac20,450,420,30,0
2026-09-07T08:32:17+00:00,0,10,od-gostynia-staszica,363,318,45,0
2026-09-07T08:32:17+00:00,0,10,od-leszna-most-bp,782,624,158,0
2026-09-07T08:32:17+00:00,0,10,od-czempinia-rondo-ak,660,595,65,0
2026-09-07T08:32:17+00:00,0,10,objazd-gostynska,317,273,44,0
2026-09-07T08:32:17+00:00,0,10,wyjazd-plac20-czmon,617,581,36,0
2026-09-07T08:52:19+00:00,0,10,obwodnica-plac20,221,203,18,0
2026-09-07T08:52:19+00:00,0,10,od-czmonia-plac20,623,577,46,0
2026-09-07T08:52:19+00:00,0,10,od-srody-plac20,450,420,30,0
2026-09-07T08:52:19+00:00,0,10,od-gostynia-staszica,364,318,46,0
2026-09-07T08:52:19+00:00,0,10,od-leszna-most-bp,786,624,162,0
2026-09-07T08:52:19+00:00,0,10,od-czempinia-rondo-ak,592,497,95,0
2026-09-07T08:52:19+00:00,0,10,objazd-gostynska,318,273,45,0
2026-09-07T08:52:19+00:00,0,10,wyjazd-plac20-czmon,617,581,36,0
2026-09-07T09:12:17+00:00,0,11,obwodnica-plac20,221,203,18,0
2026-09-07T09:12:17+00:00,0,11,od-czmonia-plac20,624,577,47,0
2026-09-07T09:12:17+00:00,0,11,od-srody-plac20,451,420,31,0
2026-09-07T09:12:17+00:00,0,11,od-gostynia-staszica,365,318,47,0
2026-09-07T09:12:17+00:00,0,11,od-leszna-most-bp,790,624,166,0
2026-09-07T09:12:17+00:00,0,11,od-czempinia-rondo-ak,664,595,69,0
2026-09-07T09:12:17+00:00,0,11,objazd-gostynska,321,273,48,0
2026-09-07T09:12:17+00:00,0,11,wyjazd-plac20-czmon,618,581,37,0
2026-09-07T09:32:18+00:00,0,11,obwodnica-plac20,222,203,19,0
2026-09-07T09:32:18+00:00,0,11,od-czmonia-plac20,625,577,48,0
2026-09-07T09:32:18+00:00,0,11,od-srody-plac20,452,420,32,0
2026-09-07T09:32:18+00:00,0,11,od-gostynia-staszica,367,318,49,0
2026-09-07T09:32:18+00:00,0,11,od-leszna-most-bp,792,624,168,0
2026-09-07T09:32:18+00:00,0,11,od-czempinia-rondo-ak,595,497,98,0
2026-09-07T09:32:18+00:00,0,11,objazd-gostynska,323,273,50,0
2026-09-07T09:32:18+00:00,0,11,wyjazd-plac20-czmon,618,581,37,0
2026-09-07T09:52:19+00:00,0,11,obwodnica-plac20,222,203,19,0
2026-09-07T09:52:19+00:00,0,11,od-czmonia-plac20,623,577,46,0
2026-09-07T09:52:19+00:00,0,11,od-srody-plac20,450,420,30,0
2026-09-07T09:52:19+00:00,0,11,od-gostynia-staszica,366,318,48,0
2026-09-07T09:52:19+00:00,0,11,od-leszna-most-bp,791,624,167,0
2026-09-07T09:52:19+00:00,0,11,od-czempinia-rondo-ak,665,595,70,0
2026-09-07T09:52:19+00:00,0,11,objazd-gostynska,324,273,51,0
2026-09-07T09:52:19+00:00,0,11,wyjazd-plac20-czmon,614,581,33,0
2026-09-07T10:12:19+00:00,0,12,obwodnica-plac20,221,203,18,0
2026-09-07T10:12:19+00:00,0,12,od-czmonia-plac20,620,577,43,0
2026-09-07T10:12:19+00:00,0,12,od-srody-plac20,449,420,29,0
2026-09-07T10:12:19+00:00,0,12,od-gostynia-staszica,366,318,48,0
2026-09-07T10:12:19+00:00,0,12,od-leszna-most-bp,794,624,170,1
2026-09-07T10:12:19+00:00,0,12,od-czempinia-rondo-ak,665,595,70,0
2026-09-07T10:12:19+00:00,0,12,objazd-gostynska,591,273,318,287
2026-09-07T10:12:19+00:00,0,12,wyjazd-plac20-czmon,614,581,33,0
2026-09-07T10:32:19+00:00,0,12,obwodnica-plac20,221,203,18,0
2026-09-07T10:32:19+00:00,0,12,od-czmonia-plac20,621,577,44,0
2026-09-07T10:32:19+00:00,0,12,od-srody-plac20,449,420,29,0
2026-09-07T10:32:19+00:00,0,12,od-gostynia-staszica,367,318,49,0
2026-09-07T10:32:19+00:00,0,12,od-leszna-most-bp,792,624,168,0
2026-09-07T10:32:19+00:00,0,12,od-czempinia-rondo-ak,665,595,70,0
2026-09-07T10:32:19+00:00,0,12,objazd-gostynska,327,273,54,0
2026-09-07T10:32:19+00:00,0,12,wyjazd-plac20-czmon,614,581,33,0
2026-09-07T10:52:17+00:00,0,12,obwodnica-plac20,221,203,18,0
2026-09-07T10:52:17+00:00,0,12,od-czmonia-plac20,620,577,43,0
2026-09-07T10:52:17+00:00,0,12,od-srody-plac20,449,420,29,0
2026-09-07T10:52:17+00:00,0,12,od-gostynia-staszica,367,318,49,0
2026-09-07T10:52:17+00:00,0,12,od-leszna-most-bp,792,624,168,0
2026-09-07T10:52:17+00:00,0,12,od-czempinia-rondo-ak,665,595,70,0
2026-09-07T10:52:17+00:00,0,12,objazd-gostynska,328,273,55,0
2026-09-07T10:52:17+00:00,0,12,wyjazd-plac20-czmon,614,581,33,0
2026-09-07T11:12:19+00:00,0,13,obwodnica-plac20,221,203,18,0
2026-09-07T11:12:19+00:00,0,13,od-czmonia-plac20,621,577,44,0
2026-09-07T11:12:19+00:00,0,13,od-srody-plac20,449,420,29,0
2026-09-07T11:12:19+00:00,0,13,od-gostynia-staszica,368,318,50,0
2026-09-07T11:12:19+00:00,0,13,od-leszna-most-bp,791,624,167,0
2026-09-07T11:12:19+00:00,0,13,od-czempinia-rondo-ak,665,595,70,0
2026-09-07T11:12:19+00:00,0,13,objazd-gostynska,328,273,55,0
2026-09-07T11:12:19+00:00,0,13,wyjazd-plac20-czmon,616,581,35,0
2026-09-07T11:32:20+00:00,0,13,obwodnica-plac20,221,203,18,0
2026-09-07T11:32:20+00:00,0,13,od-czmonia-plac20,622,577,45,0
2026-09-07T11:32:20+00:00,0,13,od-srody-plac20,450,420,30,0
2026-09-07T11:32:20+00:00,0,13,od-gostynia-staszica,522,318,204,162
2026-09-07T11:32:20+00:00,0,13,od-leszna-most-bp,844,624,220,85
2026-09-07T11:32:20+00:00,0,13,od-czempinia-rondo-ak,668,595,73,0
2026-09-07T11:32:20+00:00,0,13,objazd-gostynska,753,273,480,455
2026-09-07T11:32:20+00:00,0,13,wyjazd-plac20-czmon,616,581,35,0
2026-09-07T11:52:18+00:00,0,13,obwodnica-plac20,222,203,19,0
2026-09-07T11:52:18+00:00,0,13,od-czmonia-plac20,624,577,47,0
2026-09-07T11:52:18+00:00,0,13,od-srody-plac20,451,420,31,0
2026-09-07T11:52:18+00:00,0,13,od-gostynia-staszica,635,318,317,295
2026-09-07T11:52:18+00:00,0,13,od-leszna-most-bp,800,624,176,0
2026-09-07T11:52:18+00:00,0,13,od-czempinia-rondo-ak,670,595,75,0
2026-09-07T11:52:18+00:00,0,13,objazd-gostynska,879,273,606,597
2026-09-07T11:52:18+00:00,0,13,wyjazd-plac20-czmon,617,581,36,0
2026-09-07T12:04:19+00:00,0,14,obwodnica-plac20,226,203,23,0
2026-09-07T12:04:19+00:00,0,14,od-czmonia-plac20,631,577,54,0
2026-09-07T12:04:19+00:00,0,14,od-srody-plac20,459,420,39,0
2026-09-07T12:04:19+00:00,0,14,od-gostynia-staszica,380,318,62,0
2026-09-07T12:04:19+00:00,0,14,od-leszna-most-bp,826,624,202,0
2026-09-07T12:04:19+00:00,0,14,od-czempinia-rondo-ak,607,497,110,0
2026-09-07T12:04:19+00:00,0,14,objazd-gostynska,1618,273,1345,1327
2026-09-07T12:04:19+00:00,0,14,wyjazd-plac20-czmon,624,581,43,0
2026-09-07T12:14:18+00:00,0,14,obwodnica-plac20,242,203,39,16
2026-09-07T12:14:18+00:00,0,14,od-czmonia-plac20,641,577,64,7
2026-09-07T12:14:18+00:00,0,14,od-srody-plac20,681,420,261,231
2026-09-07T12:14:18+00:00,0,14,od-gostynia-staszica,757,318,439,404
2026-09-07T12:14:18+00:00,0,14,od-leszna-most-bp,828,624,204,0
2026-09-07T12:14:18+00:00,0,14,od-czempinia-rondo-ak,686,595,91,0
2026-09-07T12:14:18+00:00,0,14,objazd-gostynska,1165,273,892,877
2026-09-07T12:14:18+00:00,0,14,wyjazd-plac20-czmon,629,581,48,3
2026-09-07T12:24:17+00:00,0,14,obwodnica-plac20,240,203,37,14
2026-09-07T12:24:17+00:00,0,14,od-czmonia-plac20,659,618,41,0
2026-09-07T12:24:17+00:00,0,14,od-srody-plac20,818,420,398,370
2026-09-07T12:24:17+00:00,0,14,od-gostynia-staszica,871,318,553,529
2026-09-07T12:24:17+00:00,0,14,od-leszna-most-bp,935,711,224,18
2026-09-07T12:24:17+00:00,0,14,od-czempinia-rondo-ak,688,595,93,0
2026-09-07T12:24:17+00:00,0,14,objazd-gostynska,1741,467,1274,1254
2026-09-07T12:24:17+00:00,0,14,wyjazd-plac20-czmon,703,655,48,3
2026-09-07T12:34:18+00:00,0,14,obwodnica-plac20,259,203,56,32
2026-09-07T12:34:18+00:00,0,14,od-czmonia-plac20,659,618,41,0
2026-09-07T12:34:18+00:00,0,14,od-srody-plac20,588,554,34,0
2026-09-07T12:34:18+00:00,0,14,od-gostynia-staszica,550,318,232,178
2026-09-07T12:34:18+00:00,0,14,od-leszna-most-bp,962,711,251,41
2026-09-07T12:34:18+00:00,0,14,od-czempinia-rondo-ak,691,595,96,0
2026-09-07T12:34:18+00:00,0,14,objazd-gostynska,1394,467,927,875
2026-09-07T12:34:18+00:00,0,14,wyjazd-plac20-czmon,700,639,61,15
2026-09-07T12:44:18+00:00,0,14,obwodnica-plac20,253,203,50,25
2026-09-07T12:44:18+00:00,0,14,od-czmonia-plac20,660,618,42,0
2026-09-07T12:44:18+00:00,0,14,od-srody-plac20,589,554,35,0
2026-09-07T12:44:18+00:00,0,14,od-gostynia-staszica,387,318,69,0
2026-09-07T12:44:18+00:00,0,14,od-leszna-most-bp,1018,711,307,147
2026-09-07T12:44:18+00:00,0,14,od-czempinia-rondo-ak,693,595,98,0
2026-09-07T12:44:18+00:00,0,14,objazd-gostynska,1582,377,1205,1188
2026-09-07T12:44:18+00:00,0,14,wyjazd-plac20-czmon,706,639,67,20
2026-09-07T12:54:18+00:00,0,14,obwodnica-plac20,298,203,95,70
2026-09-07T12:54:18+00:00,0,14,od-czmonia-plac20,660,618,42,0
2026-09-07T12:54:18+00:00,0,14,od-srody-plac20,589,554,35,0
2026-09-07T12:54:18+00:00,0,14,od-gostynia-staszica,521,318,203,147
2026-09-07T12:54:18+00:00,0,14,od-leszna-most-bp,1021,711,310,95
2026-09-07T12:54:18+00:00,0,14,od-czempinia-rondo-ak,695,595,100,0
2026-09-07T12:54:18+00:00,0,14,objazd-gostynska,1053,273,780,744
2026-09-07T12:54:18+00:00,0,14,wyjazd-plac20-czmon,738,655,83,36
2026-09-07T13:04:18+00:00,0,15,obwodnica-plac20,251,203,48,20
2026-09-07T13:04:18+00:00,0,15,od-czmonia-plac20,677,618,59,14
2026-09-07T13:04:18+00:00,0,15,od-srody-plac20,848,689,159,117
2026-09-07T13:04:18+00:00,0,15,od-gostynia-staszica,398,318,80,0
2026-09-07T13:04:18+00:00,0,15,od-leszna-most-bp,1220,711,509,267
2026-09-07T13:04:18+00:00,0,15,od-czempinia-rondo-ak,706,595,111,0
2026-09-07T13:04:18+00:00,0,15,objazd-gostynska,1306,273,1033,1015
2026-09-07T13:04:18+00:00,0,15,wyjazd-plac20-czmon,952,655,297,248
2026-09-07T13:14:18+00:00,0,15,obwodnica-plac20,257,203,54,25
2026-09-07T13:14:18+00:00,0,15,od-czmonia-plac20,683,618,65,20
2026-09-07T13:14:18+00:00,0,15,od-srody-plac20,594,554,40,0
2026-09-07T13:14:18+00:00,0,15,od-gostynia-staszica,718,318,400,372
2026-09-07T13:14:18+00:00,0,15,od-leszna-most-bp,1353,756,597,361
2026-09-07T13:14:18+00:00,0,15,od-czempinia-rondo-ak,708,595,113,0
2026-09-07T13:14:18+00:00,0,15,objazd-gostynska,1030,273,757,749
2026-09-07T13:14:18+00:00,0,15,wyjazd-plac20-czmon,1163,696,467,340
2026-09-07T13:24:18+00:00,0,15,obwodnica-plac20,277,203,74,45
2026-09-07T13:24:18+00:00,0,15,od-czmonia-plac20,868,618,250,203
2026-09-07T13:24:18+00:00,0,15,od-srody-plac20,779,554,225,185
2026-09-07T13:24:18+00:00,0,15,od-gostynia-staszica,708,318,390,351
2026-09-07T13:24:18+00:00,0,15,od-leszna-most-bp,1592,756,836,600
2026-09-07T13:24:18+00:00,0,15,od-czempinia-rondo-ak,670,497,173,47
2026-09-07T13:24:18+00:00,0,15,objazd-gostynska,1605,377,1228,1208
2026-09-07T13:24:18+00:00,0,15,wyjazd-plac20-czmon,1381,696,685,556
2026-09-07T13:34:18+00:00,0,15,obwodnica-plac20,272,203,69,39
2026-09-07T13:34:18+00:00,0,15,od-czmonia-plac20,666,618,48,0
2026-09-07T13:34:18+00:00,0,15,od-srody-plac20,920,689,231,186
2026-09-07T13:34:18+00:00,0,15,od-gostynia-staszica,400,318,82,0
2026-09-07T13:34:18+00:00,0,15,od-leszna-most-bp,1760,756,1004,767
2026-09-07T13:34:18+00:00,0,15,od-czempinia-rondo-ak,710,595,115,0
2026-09-07T13:34:18+00:00,0,15,objazd-gostynska,1463,377,1086,1060
2026-09-07T13:34:18+00:00,0,15,wyjazd-plac20-czmon,1542,639,903,852
2026-09-07T13:44:18+00:00,0,15,obwodnica-plac20,281,203,78,47
2026-09-07T13:44:18+00:00,0,15,od-czmonia-plac20,666,618,48,0
2026-09-07T13:44:18+00:00,0,15,od-srody-plac20,717,677,40,0
2026-09-07T13:44:18+00:00,0,15,od-gostynia-staszica,602,318,284,235
2026-09-07T13:44:18+00:00,0,15,od-leszna-most-bp,1464,815,649,395
2026-09-07T13:44:18+00:00,0,15,od-czempinia-rondo-ak,629,497,132,0
2026-09-07T13:44:18+00:00,0,15,objazd-gostynska,1189,273,916,858
2026-09-07T13:44:18+00:00,0,15,wyjazd-plac20-czmon,1150,639,511,461
2026-09-07T13:54:18+00:00,0,15,obwodnica-plac20,266,203,63,32
2026-09-07T13:54:18+00:00,0,15,od-czmonia-plac20,666,618,48,0
2026-09-07T13:54:18+00:00,0,15,od-srody-plac20,921,689,232,186
2026-09-07T13:54:18+00:00,0,15,od-gostynia-staszica,719,318,401,371
2026-09-07T13:54:18+00:00,0,15,od-leszna-most-bp,1537,815,722,476
2026-09-07T13:54:18+00:00,0,15,od-czempinia-rondo-ak,697,497,200,72
2026-09-07T13:54:18+00:00,0,15,objazd-gostynska,1231,273,958,938
2026-09-07T13:54:18+00:00,0,15,wyjazd-plac20-czmon,1120,655,465,418
2026-09-07T14:04:19+00:00,0,16,obwodnica-plac20,266,203,63,32
2026-09-07T14:04:19+00:00,0,16,od-czmonia-plac20,668,618,50,0
2026-09-07T14:04:19+00:00,0,16,od-srody-plac20,921,689,232,186
2026-09-07T14:04:19+00:00,0,16,od-gostynia-staszica,407,318,89,0
2026-09-07T14:04:19+00:00,0,16,od-leszna-most-bp,1274,711,563,306
2026-09-07T14:04:19+00:00,0,16,od-czempinia-rondo-ak,700,497,203,72
2026-09-07T14:04:19+00:00,0,16,objazd-gostynska,1299,273,1026,970
2026-09-07T14:04:19+00:00,0,16,wyjazd-plac20-czmon,981,655,326,275
2026-09-07T14:14:19+00:00,0,16,obwodnica-plac20,247,203,44,14
2026-09-07T14:14:19+00:00,0,16,od-czmonia-plac20,667,618,49,0
2026-09-07T14:14:19+00:00,0,16,od-srody-plac20,818,689,129,83
2026-09-07T14:14:19+00:00,0,16,od-gostynia-staszica,757,318,439,412
2026-09-07T14:14:19+00:00,0,16,od-leszna-most-bp,1208,711,497,241
2026-09-07T14:14:19+00:00,0,16,od-czempinia-rondo-ak,716,595,121,0
2026-09-07T14:14:19+00:00,0,16,objazd-gostynska,1382,377,1005,961
2026-09-07T14:14:19+00:00,0,16,wyjazd-plac20-czmon,929,655,274,223
2026-09-07T14:24:18+00:00,0,16,obwodnica-plac20,266,203,63,32
2026-09-07T14:24:18+00:00,0,16,od-czmonia-plac20,700,618,82,33
2026-09-07T14:24:18+00:00,0,16,od-srody-plac20,717,677,40,0
2026-09-07T14:24:18+00:00,0,16,od-gostynia-staszica,709,318,391,351
2026-09-07T14:24:18+00:00,0,16,od-leszna-most-bp,1634,711,923,729
2026-09-07T14:24:18+00:00,0,16,od-czempinia-rondo-ak,715,595,120,0
2026-09-07T14:24:18+00:00,0,16,objazd-gostynska,1353,377,976,956
2026-09-07T14:24:18+00:00,0,16,wyjazd-plac20-czmon,1306,655,651,602
2026-09-07T14:34:18+00:00,0,16,obwodnica-plac20,252,203,49,20
2026-09-07T14:34:18+00:00,0,16,od-czmonia-plac20,666,618,48,0
2026-09-07T14:34:18+00:00,0,16,od-srody-plac20,717,677,40,0
2026-09-07T14:34:18+00:00,0,16,od-gostynia-staszica,403,318,85,0
2026-09-07T14:34:18+00:00,0,16,od-leszna-most-bp,1400,711,689,496
2026-09-07T14:34:18+00:00,0,16,od-czempinia-rondo-ak,626,497,129,0
2026-09-07T14:34:18+00:00,0,16,objazd-gostynska,1175,377,798,732
2026-09-07T14:34:18+00:00,0,16,wyjazd-plac20-czmon,1006,655,351,302
2026-09-07T14:44:19+00:00,0,16,obwodnica-plac20,257,203,54,25
2026-09-07T14:44:19+00:00,0,16,od-czmonia-plac20,699,618,81,33
2026-09-07T14:44:19+00:00,0,16,od-srody-plac20,980,689,291,256
2026-09-07T14:44:19+00:00,0,16,od-gostynia-staszica,401,318,83,0
2026-09-07T14:44:19+00:00,0,16,od-leszna-most-bp,984,711,273,28
2026-09-07T14:44:19+00:00,0,16,od-czempinia-rondo-ak,711,595,116,0
2026-09-07T14:44:19+00:00,0,16,objazd-gostynska,1104,273,831,773
2026-09-07T14:44:19+00:00,0,16,wyjazd-plac20-czmon,705,639,66,9
2026-09-07T14:54:17+00:00,0,16,obwodnica-plac20,256,203,53,25
2026-09-07T14:54:17+00:00,0,16,od-czmonia-plac20,691,618,73,26
2026-09-07T14:54:17+00:00,0,16,od-srody-plac20,715,677,38,0
2026-09-07T14:54:17+00:00,0,16,od-gostynia-staszica,398,318,80,0
2026-09-07T14:54:17+00:00,0,16,od-leszna-most-bp,980,711,269,27
2026-09-07T14:54:17+00:00,0,16,od-czempinia-rondo-ak,691,497,194,72
2026-09-07T14:54:17+00:00,0,16,objazd-gostynska,1076,273,803,783
2026-09-07T14:54:17+00:00,0,16,wyjazd-plac20-czmon,695,639,56,0
2026-09-07T15:04:18+00:00,0,17,obwodnica-plac20,272,203,69,45
2026-09-07T15:04:18+00:00,0,17,od-czmonia-plac20,659,618,41,0
2026-09-07T15:04:18+00:00,0,17,od-srody-plac20,710,677,33,0
2026-09-07T15:04:18+00:00,0,17,od-gostynia-staszica,390,318,72,0
2026-09-07T15:04:18+00:00,0,17,od-leszna-most-bp,996,711,285,49
2026-09-07T15:04:18+00:00,0,17,od-czempinia-rondo-ak,649,497,152,33
2026-09-07T15:04:18+00:00,0,17,objazd-gostynska,1405,377,1028,993
2026-09-07T15:04:18+00:00,0,17,wyjazd-plac20-czmon,692,639,53,0
2026-09-07T15:14:17+00:00,0,17,obwodnica-plac20,270,203,67,45
2026-09-07T15:14:17+00:00,0,17,od-czmonia-plac20,684,618,66,26
2026-09-07T15:14:17+00:00,0,17,od-srody-plac20,710,677,33,0
2026-09-07T15:14:17+00:00,0,17,od-gostynia-staszica,386,318,68,0
2026-09-07T15:14:17+00:00,0,17,od-leszna-most-bp,971,711,260,52
2026-09-07T15:14:17+00:00,0,17,od-czempinia-rondo-ak,656,497,159,53
2026-09-07T15:14:17+00:00,0,17,objazd-gostynska,1095,377,718,666
2026-09-07T15:14:17+00:00,0,17,wyjazd-plac20-czmon,691,639,52,0
2026-09-07T15:24:30+00:00,0,17,obwodnica-plac20,256,203,53,32
2026-09-07T15:24:30+00:00,0,17,od-czmonia-plac20,743,618,125,88
2026-09-07T15:24:30+00:00,0,17,od-srody-plac20,708,677,31,0
2026-09-07T15:24:30+00:00,0,17,od-gostynia-staszica,382,318,64,0
2026-09-07T15:24:30+00:00,0,17,od-leszna-most-bp,944,711,233,34
2026-09-07T15:24:30+00:00,0,17,od-czempinia-rondo-ak,601,497,104,0
2026-09-07T15:24:30+00:00,0,17,objazd-gostynska,783,273,510,484
2026-09-07T15:24:30+00:00,0,17,wyjazd-plac20-czmon,705,655,50,6
2026-09-07T15:34:18+00:00,0,17,obwodnica-plac20,239,203,36,16
2026-09-07T15:34:18+00:00,0,17,od-czmonia-plac20,680,618,62,26
2026-09-07T15:34:18+00:00,0,17,od-srody-plac20,584,554,30,0
2026-09-07T15:34:18+00:00,0,17,od-gostynia-staszica,379,318,61,0
2026-09-07T15:34:18+00:00,0,17,od-leszna-most-bp,922,711,211,19
2026-09-07T15:34:18+00:00,0,17,od-czempinia-rondo-ak,598,497,101,0
2026-09-07T15:34:18+00:00,0,17,objazd-gostynska,1077,273,804,791
2026-09-07T15:34:18+00:00,0,17,wyjazd-plac20-czmon,706,639,67,20
2026-09-07T15:44:17+00:00,0,17,obwodnica-plac20,239,203,36,18
2026-09-07T15:44:17+00:00,0,17,od-czmonia-plac20,677,618,59,26
2026-09-07T15:44:17+00:00,0,17,od-srody-plac20,581,554,27,0
2026-09-07T15:44:17+00:00,0,17,od-gostynia-staszica,374,318,56,0
2026-09-07T15:44:17+00:00,0,17,od-leszna-most-bp,915,711,204,20
2026-09-07T15:44:17+00:00,0,17,od-czempinia-rondo-ak,679,595,84,0
2026-09-07T15:44:17+00:00,0,17,objazd-gostynska,777,273,504,468
2026-09-07T15:44:17+00:00,0,17,wyjazd-plac20-czmon,685,639,46,0
2026-09-07T15:54:18+00:00,0,17,obwodnica-plac20,239,203,36,20
2026-09-07T15:54:18+00:00,0,17,od-czmonia-plac20,650,618,32,0
2026-09-07T15:54:18+00:00,0,17,od-srody-plac20,580,554,26,0
2026-09-07T15:54:18+00:00,0,17,od-gostynia-staszica,371,318,53,0
2026-09-07T15:54:18+00:00,0,17,od-leszna-most-bp,908,711,197,22
2026-09-07T15:54:18+00:00,0,17,od-czempinia-rondo-ak,646,497,149,61
2026-09-07T15:54:18+00:00,0,17,objazd-gostynska,1063,273,790,778
2026-09-07T15:54:18+00:00,0,17,wyjazd-plac20-czmon,698,639,59,15
2026-09-07T16:12:23+00:00,0,18,obwodnica-plac20,283,203,80,70
2026-09-07T16:12:23+00:00,0,18,od-czmonia-plac20,634,618,16,0
2026-09-07T16:12:23+00:00,0,18,od-srody-plac20,565,554,11,0
2026-09-07T16:12:23+00:00,0,18,od-gostynia-staszica,353,318,35,0
2026-09-07T16:12:23+00:00,0,18,od-leszna-most-bp,909,711,198,71
2026-09-07T16:12:23+00:00,0,18,od-czempinia-rondo-ak,645,595,50,0
2026-09-07T16:12:23+00:00,0,18,objazd-gostynska,868,273,595,585
2026-09-07T16:12:23+00:00,0,18,wyjazd-plac20-czmon,666,639,27,0
2026-09-07T16:32:18+00:00,0,18,obwodnica-plac20,211,203,8,0
2026-09-07T16:32:18+00:00,0,18,od-czmonia-plac20,631,618,13,0
2026-09-07T16:32:18+00:00,0,18,od-srody-plac20,434,420,14,0
2026-09-07T16:32:18+00:00,0,18,od-gostynia-staszica,348,318,30,0
2026-09-07T16:32:18+00:00,0,18,od-leszna-most-bp,829,711,118,3
2026-09-07T16:32:18+00:00,0,18,od-czempinia-rondo-ak,553,497,56,0
2026-09-07T16:32:18+00:00,0,18,objazd-gostynska,1039,273,766,748
2026-09-07T16:32:18+00:00,0,18,wyjazd-plac20-czmon,663,639,24,0
2026-09-07T16:52:18+00:00,0,18,obwodnica-plac20,209,203,6,0
2026-09-07T16:52:18+00:00,0,18,od-czmonia-plac20,591,577,14,0
2026-09-07T16:52:18+00:00,0,18,od-srody-plac20,430,420,10,0
2026-09-07T16:52:18+00:00,0,18,od-gostynia-staszica,343,318,25,0
2026-09-07T16:52:18+00:00,0,18,od-leszna-most-bp,811,711,100,0
2026-09-07T16:52:18+00:00,0,18,od-czempinia-rondo-ak,545,497,48,0
2026-09-07T16:52:18+00:00,0,18,objazd-gostynska,637,273,364,353
2026-09-07T16:52:18+00:00,0,18,wyjazd-plac20-czmon,657,639,18,0
2026-09-07T17:12:18+00:00,0,19,obwodnica-plac20,209,203,6,0
2026-09-07T17:12:18+00:00,0,19,od-czmonia-plac20,592,577,15,0
2026-09-07T17:12:18+00:00,0,19,od-srody-plac20,430,420,10,0
2026-09-07T17:12:18+00:00,0,19,od-gostynia-staszica,342,318,24,0
2026-09-07T17:12:18+00:00,0,19,od-leszna-most-bp,716,624,92,0
2026-09-07T17:12:18+00:00,0,19,od-czempinia-rondo-ak,602,497,105,61
2026-09-07T17:12:18+00:00,0,19,objazd-gostynska,705,273,432,416
2026-09-07T17:12:18+00:00,0,19,wyjazd-plac20-czmon,595,581,14,0
2026-09-07T17:32:17+00:00,0,19,obwodnica-plac20,208,203,5,0
2026-09-07T17:32:17+00:00,0,19,od-czmonia-plac20,588,577,11,0
2026-09-07T17:32:17+00:00,0,19,od-srody-plac20,428,420,8,0
2026-09-07T17:32:17+00:00,0,19,od-gostynia-staszica,337,318,19,0
2026-09-07T17:32:17+00:00,0,19,od-leszna-most-bp,704,624,80,0
2026-09-07T17:32:17+00:00,0,19,od-czempinia-rondo-ak,621,595,26,0
2026-09-07T17:32:17+00:00,0,19,objazd-gostynska,296,273,23,0
2026-09-07T17:32:17+00:00,0,19,wyjazd-plac20-czmon,593,581,12,0
2026-09-07T17:52:20+00:00,0,19,obwodnica-plac20,207,203,4,0
2026-09-07T17:52:20+00:00,0,19,od-czmonia-plac20,586,577,9,0
2026-09-07T17:52:20+00:00,0,19,od-srody-plac20,426,420,6,0
2026-09-07T17:52:20+00:00,0,19,od-gostynia-staszica,333,318,15,0
2026-09-07T17:52:20+00:00,0,19,od-leszna-most-bp,694,624,70,0
2026-09-07T17:52:20+00:00,0,19,od-czempinia-rondo-ak,574,497,77,47
2026-09-07T17:52:20+00:00,0,19,objazd-gostynska,292,273,19,0
2026-09-07T17:52:20+00:00,0,19,wyjazd-plac20-czmon,591,581,10,0
2026-09-08T04:04:19+00:00,1,6,obwodnica-plac20,212,203,9,0
2026-09-08T04:04:19+00:00,1,6,od-czmonia-plac20,616,577,39,0
2026-09-08T04:04:19+00:00,1,6,od-srody-plac20,444,420,24,0
2026-09-08T04:04:19+00:00,1,6,od-gostynia-staszica,336,318,18,0
2026-09-08T04:04:19+00:00,1,6,od-leszna-most-bp,706,624,82,0
2026-09-08T04:04:19+00:00,1,6,od-czempinia-rondo-ak,629,595,34,0
2026-09-08T04:04:19+00:00,1,6,objazd-gostynska,296,273,23,0
2026-09-08T04:04:19+00:00,1,6,wyjazd-plac20-czmon,609,578,31,0
2026-09-08T04:14:17+00:00,1,6,obwodnica-plac20,213,203,10,0
2026-09-08T04:14:17+00:00,1,6,od-czmonia-plac20,619,577,42,0
2026-09-08T04:14:17+00:00,1,6,od-srody-plac20,448,420,28,0
2026-09-08T04:14:17+00:00,1,6,od-gostynia-staszica,338,318,20,0
2026-09-08T04:14:17+00:00,1,6,od-leszna-most-bp,717,624,93,0
2026-09-08T04:14:17+00:00,1,6,od-czempinia-rondo-ak,633,595,38,0
2026-09-08T04:14:17+00:00,1,6,objazd-gostynska,299,273,26,0
2026-09-08T04:14:17+00:00,1,6,wyjazd-plac20-czmon,613,578,35,0
2026-09-08T04:24:22+00:00,1,6,obwodnica-plac20,214,203,11,0
2026-09-08T04:24:22+00:00,1,6,od-czmonia-plac20,621,577,44,0
2026-09-08T04:24:22+00:00,1,6,od-srody-plac20,451,420,31,0
2026-09-08T04:24:22+00:00,1,6,od-gostynia-staszica,340,318,22,0
2026-09-08T04:24:22+00:00,1,6,od-leszna-most-bp,730,624,106,0
2026-09-08T04:24:22+00:00,1,6,od-czempinia-rondo-ak,618,497,121,61
2026-09-08T04:24:22+00:00,1,6,objazd-gostynska,302,273,29,0
2026-09-08T04:24:22+00:00,1,6,wyjazd-plac20-czmon,619,578,41,0
2026-09-08T04:34:18+00:00,1,6,obwodnica-plac20,215,203,12,0
2026-09-08T04:34:18+00:00,1,6,od-czmonia-plac20,626,577,49,0
2026-09-08T04:34:18+00:00,1,6,od-srody-plac20,456,420,36,0
2026-09-08T04:34:18+00:00,1,6,od-gostynia-staszica,345,318,27,0
2026-09-08T04:34:18+00:00,1,6,od-leszna-most-bp,744,624,120,0
2026-09-08T04:34:18+00:00,1,6,od-czempinia-rondo-ak,606,497,109,41
2026-09-08T04:34:18+00:00,1,6,objazd-gostynska,306,273,33,0
2026-09-08T04:34:18+00:00,1,6,wyjazd-plac20-czmon,625,578,47,0
2026-09-08T04:44:19+00:00,1,6,obwodnica-plac20,216,203,13,0
2026-09-08T04:44:19+00:00,1,6,od-czmonia-plac20,631,577,54,0
2026-09-08T04:44:19+00:00,1,6,od-srody-plac20,461,420,41,0
2026-09-08T04:44:19+00:00,1,6,od-gostynia-staszica,482,318,164,141
2026-09-08T04:44:19+00:00,1,6,od-leszna-most-bp,760,624,136,0
2026-09-08T04:44:19+00:00,1,6,od-czempinia-rondo-ak,647,595,52,0
2026-09-08T04:44:19+00:00,1,6,objazd-gostynska,543,273,270,244
2026-09-08T04:44:19+00:00,1,6,wyjazd-plac20-czmon,631,578,53,0
2026-09-08T04:54:17+00:00,1,6,obwodnica-plac20,217,203,14,0
2026-09-08T04:54:17+00:00,1,6,od-czmonia-plac20,634,577,57,0
2026-09-08T04:54:17+00:00,1,6,od-srody-plac20,466,420,46,0
2026-09-08T04:54:17+00:00,1,6,od-gostynia-staszica,489,318,171,146
2026-09-08T04:54:17+00:00,1,6,od-leszna-most-bp,887,624,263,114
2026-09-08T04:54:17+00:00,1,6,od-czempinia-rondo-ak,634,497,137,53
2026-09-08T04:54:17+00:00,1,6,objazd-gostynska,917,273,644,630
2026-09-08T04:54:17+00:00,1,6,wyjazd-plac20-czmon,704,636,68,0
2026-09-08T05:04:18+00:00,1,7,obwodnica-plac20,213,203,10,0
2026-09-08T05:04:18+00:00,1,7,od-czmonia-plac20,623,577,46,0
2026-09-08T05:04:18+00:00,1,7,od-srody-plac20,460,420,40,0
2026-09-08T05:04:18+00:00,1,7,od-gostynia-staszica,572,318,254,234
2026-09-08T05:04:18+00:00,1,7,od-leszna-most-bp,783,624,159,0
2026-09-08T05:04:18+00:00,1,7,od-czempinia-rondo-ak,641,595,46,0
2026-09-08T05:04:18+00:00,1,7,objazd-gostynska,1225,273,952,943
2026-09-08T05:04:18+00:00,1,7,wyjazd-plac20-czmon,627,581,46,0
2026-09-08T05:14:19+00:00,1,7,obwodnica-plac20,232,203,29,18
2026-09-08T05:14:19+00:00,1,7,od-czmonia-plac20,649,618,31,0
2026-09-08T05:14:19+00:00,1,7,od-srody-plac20,676,420,256,233
2026-09-08T05:14:19+00:00,1,7,od-gostynia-staszica,351,318,33,0
2026-09-08T05:14:19+00:00,1,7,od-leszna-most-bp,801,624,177,1
2026-09-08T05:14:19+00:00,1,7,od-czempinia-rondo-ak,593,497,96,0
2026-09-08T05:14:19+00:00,1,7,objazd-gostynska,1202,273,929,922
2026-09-08T05:14:19+00:00,1,7,wyjazd-plac20-czmon,636,581,55,7
2026-09-08T05:24:17+00:00,1,7,obwodnica-plac20,241,203,38,25
2026-09-08T05:24:17+00:00,1,7,od-czmonia-plac20,653,618,35,0
2026-09-08T05:24:17+00:00,1,7,od-srody-plac20,784,420,364,338
2026-09-08T05:24:17+00:00,1,7,od-gostynia-staszica,355,318,37,0
2026-09-08T05:24:17+00:00,1,7,od-leszna-most-bp,817,624,193,2
2026-09-08T05:24:17+00:00,1,7,od-czempinia-rondo-ak,653,595,58,0
2026-09-08T05:24:17+00:00,1,7,objazd-gostynska,1294,467,827,799
2026-09-08T05:24:17+00:00,1,7,wyjazd-plac20-czmon,639,581,58,7
2026-09-08T05:34:17+00:00,1,7,obwodnica-plac20,251,203,48,32
2026-09-08T05:34:17+00:00,1,7,od-czmonia-plac20,654,618,36,0
2026-09-08T05:34:17+00:00,1,7,od-srody-plac20,586,554,32,0
2026-09-08T05:34:17+00:00,1,7,od-gostynia-staszica,358,318,40,0
2026-09-08T05:34:17+00:00,1,7,od-leszna-most-bp,938,624,314,119
2026-09-08T05:34:17+00:00,1,7,od-czempinia-rondo-ak,657,595,62,0
2026-09-08T05:34:17+00:00,1,7,objazd-gostynska,1141,273,868,858
2026-09-08T05:34:17+00:00,1,7,wyjazd-plac20-czmon,697,639,58,0
2026-09-08T05:44:17+00:00,1,7,obwodnica-plac20,266,203,63,45
2026-09-08T05:44:17+00:00,1,7,od-czmonia-plac20,656,618,38,0
2026-09-08T05:44:17+00:00,1,7,od-srody-plac20,588,554,34,0
2026-09-08T05:44:17+00:00,1,7,od-gostynia-staszica,361,318,43,0
2026-09-08T05:44:17+00:00,1,7,od-leszna-most-bp,1189,624,565,417
2026-09-08T05:44:17+00:00,1,7,od-czempinia-rondo-ak,612,497,115,0
2026-09-08T05:44:17+00:00,1,7,objazd-gostynska,1414,273,1141,1132
2026-09-08T05:44:17+00:00,1,7,wyjazd-plac20-czmon,699,639,60,0
2026-09-08T05:54:18+00:00,1,7,obwodnica-plac20,231,203,28,10
2026-09-08T05:54:18+00:00,1,7,od-czmonia-plac20,657,618,39,0
2026-09-08T05:54:18+00:00,1,7,od-srody-plac20,732,420,312,285
2026-09-08T05:54:18+00:00,1,7,od-gostynia-staszica,843,318,525,509
2026-09-08T05:54:18+00:00,1,7,od-leszna-most-bp,1192,624,568,423
2026-09-08T05:54:18+00:00,1,7,od-czempinia-rondo-ak,616,497,119,0
2026-09-08T05:54:18+00:00,1,7,objazd-gostynska,1320,377,943,934
2026-09-08T05:54:18+00:00,1,7,wyjazd-plac20-czmon,700,639,61,0
2026-09-08T06:04:17+00:00,1,8,obwodnica-plac20,269,203,66,45
2026-09-08T06:04:17+00:00,1,8,od-czmonia-plac20,663,618,45,0
2026-09-08T06:04:17+00:00,1,8,od-srody-plac20,594,554,40,0
2026-09-08T06:04:17+00:00,1,8,od-gostynia-staszica,651,318,333,303
2026-09-08T06:04:17+00:00,1,8,od-leszna-most-bp,1174,624,550,399
2026-09-08T06:04:17+00:00,1,8,od-czempinia-rondo-ak,623,497,126,0
2026-09-08T06:04:17+00:00,1,8,objazd-gostynska,1429,273,1156,1147
2026-09-08T06:04:17+00:00,1,8,wyjazd-plac20-czmon,703,639,64,0
2026-09-08T06:14:20+00:00,1,8,obwodnica-plac20,248,203,45,25
2026-09-08T06:14:20+00:00,1,8,od-czmonia-plac20,660,618,42,0
2026-09-08T06:14:20+00:00,1,8,od-srody-plac20,592,554,38,0
2026-09-08T06:14:20+00:00,1,8,od-gostynia-staszica,368,318,50,0
2026-09-08T06:14:20+00:00,1,8,od-leszna-most-bp,1147,711,436,286
2026-09-08T06:14:20+00:00,1,8,od-czempinia-rondo-ak,671,595,76,0
2026-09-08T06:14:20+00:00,1,8,objazd-gostynska,1404,273,1131,1122
2026-09-08T06:14:20+00:00,1,8,wyjazd-plac20-czmon,701,639,62,0
2026-09-08T06:24:18+00:00,1,8,obwodnica-plac20,254,203,51,32
2026-09-08T06:24:18+00:00,1,8,od-czmonia-plac20,657,618,39,0
2026-09-08T06:24:18+00:00,1,8,od-srody-plac20,589,554,35,0
2026-09-08T06:24:18+00:00,1,8,od-gostynia-staszica,493,318,175,133
2026-09-08T06:24:18+00:00,1,8,od-leszna-most-bp,959,711,248,35
2026-09-08T06:24:18+00:00,1,8,od-czempinia-rondo-ak,618,497,121,0
2026-09-08T06:24:18+00:00,1,8,objazd-gostynska,1368,273,1095,1087
2026-09-08T06:24:18+00:00,1,8,wyjazd-plac20-czmon,712,639,73,15
2026-09-08T06:34:18+00:00,1,8,obwodnica-plac20,244,203,41,25
2026-09-08T06:34:18+00:00,1,8,od-czmonia-plac20,655,618,37,0
2026-09-08T06:34:18+00:00,1,8,od-srody-plac20,588,554,34,0
2026-09-08T06:34:18+00:00,1,8,od-gostynia-staszica,367,318,49,0
2026-09-08T06:34:18+00:00,1,8,od-leszna-most-bp,938,711,227,15
2026-09-08T06:34:18+00:00,1,8,od-czempinia-rondo-ak,668,595,73,0
2026-09-08T06:34:18+00:00,1,8,objazd-gostynska,1399,273,1126,1119
2026-09-08T06:34:18+00:00,1,8,wyjazd-plac20-czmon,696,639,57,0
2026-09-08T06:44:22+00:00,1,8,obwodnica-plac20,235,203,32,16
2026-09-08T06:44:22+00:00,1,8,od-czmonia-plac20,654,618,36,0
2026-09-08T06:44:22+00:00,1,8,od-srody-plac20,595,420,175,150
2026-09-08T06:44:22+00:00,1,8,od-gostynia-staszica,366,318,48,0
2026-09-08T06:44:22+00:00,1,8,od-leszna-most-bp,937,711,226,19
2026-09-08T06:44:22+00:00,1,8,od-czempinia-rondo-ak,667,595,72,0
2026-09-08T06:44:22+00:00,1,8,objazd-gostynska,1200,273,927,920
2026-09-08T06:44:22+00:00,1,8,wyjazd-plac20-czmon,694,639,55,0
2026-09-08T06:54:19+00:00,1,8,obwodnica-plac20,234,203,31,16
2026-09-08T06:54:19+00:00,1,8,od-czmonia-plac20,652,618,34,0
2026-09-08T06:54:19+00:00,1,8,od-srody-plac20,593,420,173,150
2026-09-08T06:54:19+00:00,1,8,od-gostynia-staszica,365,318,47,0
2026-09-08T06:54:19+00:00,1,8,od-leszna-most-bp,930,711,219,17
2026-09-08T06:54:19+00:00,1,8,od-czempinia-rondo-ak,665,595,70,0
2026-09-08T06:54:19+00:00,1,8,objazd-gostynska,894,273,621,610
2026-09-08T06:54:19+00:00,1,8,wyjazd-plac20-czmon,693,639,54,0
2026-09-08T07:04:18+00:00,1,9,obwodnica-plac20,214,203,11,0
2026-09-08T07:04:18+00:00,1,9,od-czmonia-plac20,620,577,43,0
2026-09-08T07:04:18+00:00,1,9,od-srody-plac20,450,420,30,0
2026-09-08T07:04:18+00:00,1,9,od-gostynia-staszica,359,318,41,0
2026-09-08T07:04:18+00:00,1,9,od-leszna-most-bp,800,624,176,0
2026-09-08T07:04:18+00:00,1,9,od-czempinia-rondo-ak,597,497,100,0
2026-09-08T07:04:18+00:00,1,9,objazd-gostynska,1104,273,831,823
2026-09-08T07:04:18+00:00,1,9,wyjazd-plac20-czmon,620,581,39,0
2026-09-08T07:14:18+00:00,1,9,obwodnica-plac20,214,203,11,0
2026-09-08T07:14:18+00:00,1,9,od-czmonia-plac20,619,577,42,0
2026-09-08T07:14:18+00:00,1,9,od-srody-plac20,449,420,29,0
2026-09-08T07:14:18+00:00,1,9,od-gostynia-staszica,359,318,41,0
2026-09-08T07:14:18+00:00,1,9,od-leszna-most-bp,799,624,175,1
2026-09-08T07:14:18+00:00,1,9,od-czempinia-rondo-ak,596,497,99,0
2026-09-08T07:14:18+00:00,1,9,objazd-gostynska,980,273,707,698
2026-09-08T07:14:18+00:00,1,9,wyjazd-plac20-czmon,620,581,39,1
2026-09-08T07:24:19+00:00,1,9,obwodnica-plac20,214,203,11,0
2026-09-08T07:24:19+00:00,1,9,od-czmonia-plac20,619,577,42,0
2026-09-08T07:24:19+00:00,1,9,od-srody-plac20,448,420,28,0
2026-09-08T07:24:19+00:00,1,9,od-gostynia-staszica,358,318,40,0
2026-09-08T07:24:19+00:00,1,9,od-leszna-most-bp,797,624,173,0
2026-09-08T07:24:19+00:00,1,9,od-czempinia-rondo-ak,655,595,60,0
2026-09-08T07:24:19+00:00,1,9,objazd-gostynska,700,273,427,411
2026-09-08T07:24:19+00:00,1,9,wyjazd-plac20-czmon,619,581,38,0
2026-09-08T07:34:18+00:00,1,9,obwodnica-plac20,214,203,11,0
2026-09-08T07:34:18+00:00,1,9,od-czmonia-plac20,619,577,42,0
2026-09-08T07:34:18+00:00,1,9,od-srody-plac20,447,420,27,0
2026-09-08T07:34:18+00:00,1,9,od-gostynia-staszica,358,318,40,0
2026-09-08T07:34:18+00:00,1,9,od-leszna-most-bp,794,624,170,0
2026-09-08T07:34:18+00:00,1,9,od-czempinia-rondo-ak,594,497,97,0
2026-09-08T07:34:18+00:00,1,9,objazd-gostynska,590,273,317,298
2026-09-08T07:34:18+00:00,1,9,wyjazd-plac20-czmon,618,581,37,0
2026-09-08T07:44:17+00:00,1,9,obwodnica-plac20,214,203,11,0
2026-09-08T07:44:17+00:00,1,9,od-czmonia-plac20,619,577,42,0
2026-09-08T07:44:17+00:00,1,9,od-srody-plac20,447,420,27,0
2026-09-08T07:44:17+00:00,1,9,od-gostynia-staszica,358,318,40,0
2026-09-08T07:44:17+00:00,1,9,od-leszna-most-bp,794,624,170,0
2026-09-08T07:44:17+00:00,1,9,od-czempinia-rondo-ak,625,497,128,33
2026-09-08T07:44:17+00:00,1,9,objazd-gostynska,577,273,304,285
2026-09-08T07:44:17+00:00,1,9,wyjazd-plac20-czmon,619,581,38,0
2026-09-08T07:54:20+00:00,1,9,obwodnica-plac20,214,203,11,0
2026-09-08T07:54:20+00:00,1,9,od-czmonia-plac20,619,577,42,0
2026-09-08T07:54:20+00:00,1,9,od-srody-plac20,447,420,27,0
2026-09-08T07:54:20+00:00,1,9,od-gostynia-staszica,359,318,41,0
2026-09-08T07:54:20+00:00,1,9,od-leszna-most-bp,793,624,169,0
2026-09-08T07:54:20+00:00,1,9,od-czempinia-rondo-ak,656,595,61,0
2026-09-08T07:54:20+00:00,1,9,objazd-gostynska,318,273,45,0
2026-09-08T07:54:20+00:00,1,9,wyjazd-plac20-czmon,619,581,38,0
2026-09-08T08:12:19+00:00,1,10,obwodnica-plac20,214,203,11,0
2026-09-08T08:12:19+00:00,1,10,od-czmonia-plac20,618,577,41,0
2026-09-08T08:12:19+00:00,1,10,od-srody-plac20,446,420,26,0
2026-09-08T08:12:19+00:00,1,10,od-gostynia-staszica,358,318,40,0
2026-09-08T08:12:19+00:00,1,10,od-leszna-most-bp,787,624,163,0
2026-09-08T08:12:19+00:00,1,10,od-czempinia-rondo-ak,657,595,62,0
2026-09-08T08:12:19+00:00,1,10,objazd-gostynska,317,273,44,0
2026-09-08T08:12:19+00:00,1,10,wyjazd-plac20-czmon,617,581,36,0
2026-09-08T08:32:21+00:00,1,10,obwodnica-plac20,215,203,12,0
2026-09-08T08:32:21+00:00,1,10,od-czmonia-plac20,619,577,42,0
2026-09-08T08:32:21+00:00,1,10,od-srody-plac20,447,420,27,0
2026-09-08T08:32:21+00:00,1,10,od-gostynia-staszica,359,318,41,0
2026-09-08T08:32:21+00:00,1,10,od-leszna-most-bp,788,624,164,0
2026-09-08T08:32:21+00:00,1,10,od-czempinia-rondo-ak,591,497,94,0
2026-09-08T08:32:21+00:00,1,10,objazd-gostynska,318,273,45,0
2026-09-08T08:32:21+00:00,1,10,wyjazd-plac20-czmon,617,581,36,0
2026-09-08T08:52:19+00:00,1,10,obwodnica-plac20,216,203,13,0
2026-09-08T08:52:19+00:00,1,10,od-czmonia-plac20,618,577,41,0
2026-09-08T08:52:19+00:00,1,10,od-srody-plac20,446,420,26,0
2026-09-08T08:52:19+00:00,1,10,od-gostynia-staszica,361,318,43,0
2026-09-08T08:52:19+00:00,1,10,od-leszna-most-bp,791,624,167,0
2026-09-08T08:52:19+00:00,1,10,od-czempinia-rondo-ak,660,595,65,0
2026-09-08T08:52:19+00:00,1,10,objazd-gostynska,319,273,46,0
2026-09-08T08:52:19+00:00,1,10,wyjazd-plac20-czmon,617,581,36,0
2026-09-08T09:12:18+00:00,1,11,obwodnica-plac20,217,203,14,0
2026-09-08T09:12:18+00:00,1,11,od-czmonia-plac20,619,577,42,0
2026-09-08T09:12:18+00:00,1,11,od-srody-plac20,447,420,27,0
2026-09-08T09:12:18+00:00,1,11,od-gostynia-staszica,362,318,44,0
2026-09-08T09:12:18+00:00,1,11,od-leszna-most-bp,794,624,170,0
2026-09-08T09:12:18+00:00,1,11,od-czempinia-rondo-ak,663,595,68,0
2026-09-08T09:12:18+00:00,1,11,objazd-gostynska,485,273,212,179
2026-09-08T09:12:18+00:00,1,11,wyjazd-plac20-czmon,617,581,36,0
2026-09-08T09:32:19+00:00,1,11,obwodnica-plac20,218,203,15,0
2026-09-08T09:32:19+00:00,1,11,od-czmonia-plac20,620,577,43,0
2026-09-08T09:32:19+00:00,1,11,od-srody-plac20,448,420,28,0
2026-09-08T09:32:19+00:00,1,11,od-gostynia-staszica,364,318,46,0
2026-09-08T09:32:19+00:00,1,11,od-leszna-most-bp,796,624,172,0
2026-09-08T09:32:19+00:00,1,11,od-czempinia-rondo-ak,665,595,70,0
2026-09-08T09:32:19+00:00,1,11,objazd-gostynska,323,273,50,0
2026-09-08T09:32:19+00:00,1,11,wyjazd-plac20-czmon,618,581,37,0
2026-09-08T09:52:18+00:00,1,11,obwodnica-plac20,218,203,15,0
2026-09-08T09:52:18+00:00,1,11,od-czmonia-plac20,618,577,41,0
2026-09-08T09:52:18+00:00,1,11,od-srody-plac20,447,420,27,0
2026-09-08T09:52:18+00:00,1,11,od-gostynia-staszica,365,318,47,0
2026-09-08T09:52:18+00:00,1,11,od-leszna-most-bp,795,624,171,0
2026-09-08T09:52:18+00:00,1,11,od-czempinia-rondo-ak,665,595,70,0
2026-09-08T09:52:18+00:00,1,11,objazd-gostynska,324,273,51,0
2026-09-08T09:52:18+00:00,1,11,wyjazd-plac20-czmon,615,581,34,0
2026-09-08T10:12:19+00:00,1,12,obwodnica-plac20,218,203,15,0
2026-09-08T10:12:19+00:00,1,12,od-czmonia-plac20,617,577,40,0
2026-09-08T10:12:19+00:00,1,12,od-srody-plac20,447,420,27,0
2026-09-08T10:12:19+00:00,1,12,od-gostynia-staszica,366,318,48,0
2026-09-08T10:12:19+00:00,1,12,od-leszna-most-bp,797,624,173,0
2026-09-08T10:12:19+00:00,1,12,od-czempinia-rondo-ak,666,595,71,0
2026-09-08T10:12:19+00:00,1,12,objazd-gostynska,325,273,52,0
2026-09-08T10:12:19+00:00,1,12,wyjazd-plac20-czmon,614,581,33,0
2026-09-08T10:32:19+00:00,1,12,obwodnica-plac20,219,203,16,0
2026-09-08T10:32:19+00:00,1,12,od-czmonia-plac20,617,577,40,0
2026-09-08T10:32:19+00:00,1,12,od-srody-plac20,448,420,28,0
2026-09-08T10:32:19+00:00,1,12,od-gostynia-staszica,367,318,49,0
2026-09-08T10:32:19+00:00,1,12,od-leszna-most-bp,797,624,173,0
2026-09-08T10:32:19+00:00,1,12,od-czempinia-rondo-ak,592,497,95,0
2026-09-08T10:32:19+00:00,1,12,objazd-gostynska,326,273,53,0
2026-09-08T10:32:19+00:00,1,12,wyjazd-plac20-czmon,614,581,33,0
2026-09-08T10:52:17+00:00,1,12,obwodnica-plac20,219,203,16,0
2026-09-08T10:52:17+00:00,1,12,od-czmonia-plac20,618,577,41,0
2026-09-08T10:52:17+00:00,1,12,od-srody-plac20,448,420,28,0
2026-09-08T10:52:17+00:00,1,12,od-gostynia-staszica,368,318,50,0
2026-09-08T10:52:17+00:00,1,12,od-leszna-most-bp,798,624,174,0
2026-09-08T10:52:17+00:00,1,12,od-czempinia-rondo-ak,650,497,153,61
2026-09-08T10:52:17+00:00,1,12,objazd-gostynska,327,273,54,0
2026-09-08T10:52:17+00:00,1,12,wyjazd-plac20-czmon,615,581,34,0
2026-09-08T11:12:19+00:00,1,13,obwodnica-plac20,219,203,16,0
2026-09-08T11:12:19+00:00,1,13,od-czmonia-plac20,618,577,41,0
2026-09-08T11:12:19+00:00,1,13,od-srody-plac20,448,420,28,0
2026-09-08T11:12:19+00:00,1,13,od-gostynia-staszica,368,318,50,0
2026-09-08T11:12:19+00:00,1,13,od-leszna-most-bp,797,624,173,0
2026-09-08T11:12:19+00:00,1,13,od-czempinia-rondo-ak,668,595,73,0
2026-09-08T11:12:19+00:00,1,13,objazd-gostynska,326,273,53,0
2026-09-08T11:12:19+00:00,1,13,wyjazd-plac20-czmon,616,581,35,0
2026-09-08T11:32:19+00:00,1,13,obwodnica-plac20,219,203,16,0
2026-09-08T11:32:19+00:00,1,13,od-czmonia-plac20,619,577,42,0
2026-09-08T11:32:19+00:00,1,13,od-srody-plac20,448,420,28,0
2026-09-08T11:32:19+00:00,1,13,od-gostynia-staszica,369,318,51,0
2026-09-08T11:32:19+00:00,1,13,od-leszna-most-bp,801,624,177,0
2026-09-08T11:32:19+00:00,1,13,od-czempinia-rondo-ak,670,595,75,0
2026-09-08T11:32:19+00:00,1,13,objazd-gostynska,328,273,55,0
2026-09-08T11:32:19+00:00,1,13,wyjazd-plac20-czmon,617,581,36,0
2026-09-08T11:52:20+00:00,1,13,obwodnica-plac20,220,203,17,0
2026-09-08T11:52:20+00:00,1,13,od-czmonia-plac20,622,577,45,0
2026-09-08T11:52:20+00:00,1,13,od-srody-plac20,450,420,30,0
2026-09-08T11:52:20+00:00,1,13,od-gostynia-staszica,652,318,334,311
2026-09-08T11:52:20+00:00,1,13,od-leszna-most-bp,807,624,183,0
2026-09-08T11:52:20+00:00,1,13,od-czempinia-rondo-ak,653,497,156,61
2026-09-08T11:52:20+00:00,1,13,objazd-gostynska,638,273,365,338
2026-09-08T11:52:20+00:00,1,13,wyjazd-plac20-czmon,618,581,37,0
2026-09-08T12:04:18+00:00,1,14,obwodnica-plac20,224,203,21,0
2026-09-08T12:04:18+00:00,1,14,od-czmonia-plac20,629,577,52,0
2026-09-08T12:04:18+00:00,1,14,od-srody-plac20,458,420,38,0
2026-09-08T12:04:18+00:00,1,14,od-gostynia-staszica,758,318,440,410
2026-09-08T12:04:18+00:00,1,14,od-leszna-most-bp,863,624,239,71
2026-09-08T12:04:18+00:00,1,14,od-czempinia-rondo-ak,685,595,90,0
2026-09-08T12:04:18+00:00,1,14,objazd-gostynska,689,273,416,380
2026-09-08T12:04:18+00:00,1,14,wyjazd-plac20-czmon,625,581,44,0
2026-09-08T12:14:20+00:00,1,14,obwodnica-plac20,225,203,22,0
2026-09-08T12:14:20+00:00,1,14,od-czmonia-plac20,633,577,56,0
2026-09-08T12:14:20+00:00,1,14,od-srody-plac20,460,420,40,0
2026-09-08T12:14:20+00:00,1,14,od-gostynia-staszica,875,318,557,535
2026-09-08T12:14:20+00:00,1,14,od-leszna-most-bp,832,624,208,0
2026-09-08T12:14:20+00:00,1,14,od-czempinia-rondo-ak,689,595,94,0
2026-09-08T12:14:20+00:00,1,14,objazd-gostynska,1197,273,924,909
2026-09-08T12:14:20+00:00,1,14,wyjazd-plac20-czmon,628,581,47,0
2026-09-08T12:24:21+00:00,1,14,obwodnica-plac20,226,203,23,0
2026-09-08T12:24:21+00:00,1,14,od-czmonia-plac20,635,577,58,0
2026-09-08T12:24:21+00:00,1,14,od-srody-plac20,462,420,42,0
2026-09-08T12:24:21+00:00,1,14,od-gostynia-staszica,845,318,527,492
2026-09-08T12:24:21+00:00,1,14,od-leszna-most-bp,837,624,213,3
2026-09-08T12:24:21+00:00,1,14,od-czempinia-rondo-ak,610,497,113,0
2026-09-08T12:24:21+00:00,1,14,objazd-gostynska,1499,467,1032,996
2026-09-08T12:24:21+00:00,1,14,wyjazd-plac20-czmon,632,581,51,3
2026-09-08T12:34:20+00:00,1,14,obwodnica-plac20,271,203,68,45
2026-09-08T12:34:20+00:00,1,14,od-czmonia-plac20,658,618,40,0
2026-09-08T12:34:20+00:00,1,14,od-srody-plac20,794,420,374,339
2026-09-08T12:34:20+00:00,1,14,od-gostynia-staszica,508,318,190,130
2026-09-08T12:34:20+00:00,1,14,od-leszna-most-bp,1009,624,385,182
2026-09-08T12:34:20+00:00,1,14,od-czempinia-rondo-ak,694,595,99,0
2026-09-08T12:34:20+00:00,1,14,objazd-gostynska,1383,467,916,858
2026-09-08T12:34:20+00:00,1,14,wyjazd-plac20-czmon,689,639,50,0
2026-09-08T12:44:19+00:00,1,14,obwodnica-plac20,229,203,26,0
2026-09-08T12:44:19+00:00,1,14,od-czmonia-plac20,659,618,41,0
2026-09-08T12:44:19+00:00,1,14,od-srody-plac20,466,420,46,0
2026-09-08T12:44:19+00:00,1,14,od-gostynia-staszica,392,318,74,0
2026-09-08T12:44:19+00:00,1,14,od-leszna-most-bp,846,624,222,3
2026-09-08T12:44:19+00:00,1,14,od-czempinia-rondo-ak,698,595,103,0
2026-09-08T12:44:19+00:00,1,14,objazd-gostynska,1723,377,1346,1327
2026-09-08T12:44:19+00:00,1,14,wyjazd-plac20-czmon,634,581,53,3
2026-09-08T12:54:21+00:00,1,14,obwodnica-plac20,230,203,27,0
2026-09-08T12:54:21+00:00,1,14,od-czmonia-plac20,660,618,42,0
2026-09-08T12:54:21+00:00,1,14,od-srody-plac20,467,420,47,0
2026-09-08T12:54:21+00:00,1,14,od-gostynia-staszica,395,318,77,0
2026-09-08T12:54:21+00:00,1,14,od-leszna-most-bp,848,624,224,3
2026-09-08T12:54:21+00:00,1,14,od-czempinia-rondo-ak,615,497,118,0
2026-09-08T12:54:21+00:00,1,14,objazd-gostynska,1373,467,906,843
2026-09-08T12:54:21+00:00,1,14,wyjazd-plac20-czmon,636,581,55,3
2026-09-08T13:04:18+00:00,1,15,obwodnica-plac20,257,203,54,25
2026-09-08T13:04:18+00:00,1,15,od-czmonia-plac20,662,618,44,0
2026-09-08T13:04:18+00:00,1,15,od-srody-plac20,796,420,376,338
2026-09-08T13:04:18+00:00,1,15,od-gostynia-staszica,564,318,246,178
2026-09-08T13:04:18+00:00,1,15,od-leszna-most-bp,979,711,268,26
2026-09-08T13:04:18+00:00,1,15,od-czempinia-rondo-ak,667,497,170,47
2026-09-08T13:04:18+00:00,1,15,objazd-gostynska,1337,273,1064,1043
2026-09-08T13:04:18+00:00,1,15,wyjazd-plac20-czmon,693,639,54,0
2026-09-08T13:14:55+00:00,1,15,obwodnica-plac20,233,203,30,0
2026-09-08T13:14:55+00:00,1,15,od-czmonia-plac20,663,618,45,0
2026-09-08T13:14:55+00:00,1,15,od-srody-plac20,471,420,51,0
2026-09-08T13:14:55+00:00,1,15,od-gostynia-staszica,787,318,469,445
2026-09-08T13:14:55+00:00,1,15,od-leszna-most-bp,962,711,251,5
2026-09-08T13:14:55+00:00,1,15,od-czempinia-rondo-ak,627,497,130,0
2026-09-08T13:14:55+00:00,1,15,objazd-gostynska,1563,377,1186,1163
2026-09-08T13:14:55+00:00,1,15,wyjazd-plac20-czmon,694,639,55,0
2026-09-08T13:24:19+00:00,1,15,obwodnica-plac20,258,203,55,25
2026-09-08T13:24:19+00:00,1,15,od-czmonia-plac20,662,618,44,0
2026-09-08T13:24:19+00:00,1,15,od-srody-plac20,651,420,231,193
2026-09-08T13:24:19+00:00,1,15,od-gostynia-staszica,927,318,609,587
2026-09-08T13:24:19+00:00,1,15,od-leszna-most-bp,1039,711,328,138
2026-09-08T13:24:19+00:00,1,15,od-czempinia-rondo-ak,683,497,186,61
2026-09-08T13:24:19+00:00,1,15,objazd-gostynska,1964,377,1587,1564
2026-09-08T13:24:19+00:00,1,15,wyjazd-plac20-czmon,694,639,55,0
2026-09-08T13:34:18+00:00,1,15,obwodnica-plac20,302,203,99,70
2026-09-08T13:34:18+00:00,1,15,od-czmonia-plac20,663,618,45,0
2026-09-08T13:34:18+00:00,1,15,od-srody-plac20,595,554,41,0
2026-09-08T13:34:18+00:00,1,15,od-gostynia-staszica,835,318,517,478
2026-09-08T13:34:18+00:00,1,15,od-leszna-most-bp,1131,711,420,243
2026-09-08T13:34:18+00:00,1,15,od-czempinia-rondo-ak,714,595,119,0
2026-09-08T13:34:18+00:00,1,15,objazd-gostynska,1244,273,971,949
2026-09-08T13:34:18+00:00,1,15,wyjazd-plac20-czmon,703,639,64,8
2026-09-08T13:44:19+00:00,1,15,obwodnica-plac20,277,203,74,45
2026-09-08T13:44:19+00:00,1,15,od-czmonia-plac20,662,618,44,0
2026-09-08T13:44:19+00:00,1,15,od-srody-plac20,595,554,41,0
2026-09-08T13:44:19+00:00,1,15,od-gostynia-staszica,686,318,368,337
2026-09-08T13:44:19+00:00,1,15,od-leszna-most-bp,1165,711,454,276
2026-09-08T13:44:19+00:00,1,15,od-czempinia-rondo-ak,715,595,120,0
2026-09-08T13:44:19+00:00,1,15,objazd-gostynska,975,273,702,694
2026-09-08T13:44:19+00:00,1,15,wyjazd-plac20-czmon,711,639,72,15
2026-09-08T13:54:18+00:00,1,15,obwodnica-plac20,233,203,30,0
2026-09-08T13:54:18+00:00,1,15,od-czmonia-plac20,662,618,44,0
2026-09-08T13:54:18+00:00,1,15,od-srody-plac20,470,420,50,0
2026-09-08T13:54:18+00:00,1,15,od-gostynia-staszica,954,882,72,0
2026-09-08T13:54:18+00:00,1,15,od-leszna-most-bp,1033,711,322,130
2026-09-08T13:54:18+00:00,1,15,od-czempinia-rondo-ak,716,595,121,0
2026-09-08T13:54:18+00:00,1,15,objazd-gostynska,1205,273,932,918
2026-09-08T13:54:18+00:00,1,15,wyjazd-plac20-czmon,697,639,58,0
2026-09-08T14:04:20+00:00,1,16,obwodnica-plac20,234,203,31,0
2026-09-08T14:04:20+00:00,1,16,od-czmonia-plac20,663,618,45,0
2026-09-08T14:04:20+00:00,1,16,od-srody-plac20,471,420,51,0
2026-09-08T14:04:20+00:00,1,16,od-gostynia-staszica,956,882,74,0
2026-09-08T14:04:20+00:00,1,16,od-leszna-most-bp,977,711,266,7
2026-09-08T14:04:20+00:00,1,16,od-czempinia-rondo-ak,634,497,137,0
2026-09-08T14:04:20+00:00,1,16,objazd-gostynska,1259,377,882,879
2026-09-08T14:04:20+00:00,1,16,wyjazd-plac20-czmon,698,639,59,0
2026-09-08T14:14:20+00:00,1,16,obwodnica-plac20,246,203,43,14
2026-09-08T14:14:20+00:00,1,16,od-czmonia-plac20,663,618,45,0
2026-09-08T14:14:20+00:00,1,16,od-srody-plac20,585,420,165,128
2026-09-08T14:14:20+00:00,1,16,od-gostynia-staszica,956,882,74,0
2026-09-08T14:14:20+00:00,1,16,od-leszna-most-bp,990,711,279,20
2026-09-08T14:14:20+00:00,1,16,od-czempinia-rondo-ak,718,595,123,0
2026-09-08T14:14:20+00:00,1,16,objazd-gostynska,1740,377,1363,1341
2026-09-08T14:14:20+00:00,1,16,wyjazd-plac20-czmon,698,639,59,0
2026-09-08T14:24:20+00:00,1,16,obwodnica-plac20,278,203,75,45
2026-09-08T14:24:20+00:00,1,16,od-czmonia-plac20,662,618,44,0
2026-09-08T14:24:20+00:00,1,16,od-srody-plac20,596,554,42,0
2026-09-08T14:24:20+00:00,1,16,od-gostynia-staszica,956,882,74,0
2026-09-08T14:24:20+00:00,1,16,od-leszna-most-bp,1166,711,455,241
2026-09-08T14:24:20+00:00,1,16,od-czempinia-rondo-ak,675,497,178,47
2026-09-08T14:24:20+00:00,1,16,objazd-gostynska,1434,377,1057,997
2026-09-08T14:24:20+00:00,1,16,wyjazd-plac20-czmon,718,639,79,20
2026-09-08T14:34:21+00:00,1,16,obwodnica-plac20,246,203,43,14
2026-09-08T14:34:21+00:00,1,16,od-czmonia-plac20,662,618,44,0
2026-09-08T14:34:21+00:00,1,16,od-srody-plac20,782,420,362,327
2026-09-08T14:34:21+00:00,1,16,od-gostynia-staszica,411,318,93,0
2026-09-08T14:34:21+00:00,1,16,od-leszna-most-bp,980,711,269,17
2026-09-08T14:34:21+00:00,1,16,od-czempinia-rondo-ak,631,497,134,0
2026-09-08T14:34:21+00:00,1,16,objazd-gostynska,1211,273,938,918
2026-09-08T14:34:21+00:00,1,16,wyjazd-plac20-czmon,699,639,60,0
2026-09-08T14:44:21+00:00,1,16,obwodnica-plac20,248,203,45,16
2026-09-08T14:44:21+00:00,1,16,od-czmonia-plac20,661,618,43,0
2026-09-08T14:44:21+00:00,1,16,od-srody-plac20,637,420,217,182
2026-09-08T14:44:21+00:00,1,16,od-gostynia-staszica,408,318,90,0
2026-09-08T14:44:21+00:00,1,16,od-leszna-most-bp,1022,624,398,163
2026-09-08T14:44:21+00:00,1,16,od-czempinia-rondo-ak,664,497,167,41
2026-09-08T14:44:21+00:00,1,16,objazd-gostynska,1302,273,1029,1011
2026-09-08T14:44:21+00:00,1,16,wyjazd-plac20-czmon,699,639,60,0
2026-09-08T14:54:18+00:00,1,16,obwodnica-plac20,231,203,28,0
2026-09-08T14:54:18+00:00,1,16,od-czmonia-plac20,660,618,42,0
2026-09-08T14:54:18+00:00,1,16,od-srody-plac20,467,420,47,0
2026-09-08T14:54:18+00:00,1,16,od-gostynia-staszica,404,318,86,0
2026-09-08T14:54:18+00:00,1,16,od-leszna-most-bp,960,711,249,5
2026-09-08T14:54:18+00:00,1,16,od-czempinia-rondo-ak,692,497,195,72
2026-09-08T14:54:18+00:00,1,16,objazd-gostynska,1487,377,1110,1067
2026-09-08T14:54:18+00:00,1,16,wyjazd-plac20-czmon,698,639,59,0
2026-09-08T15:04:19+00:00,1,17,obwodnica-plac20,227,203,24,0
2026-09-08T15:04:19+00:00,1,17,od-czmonia-plac20,637,577,60,0
2026-09-08T15:04:19+00:00,1,17,od-srody-plac20,460,420,40,0
2026-09-08T15:04:19+00:00,1,17,od-gostynia-staszica,401,318,83,0
2026-09-08T15:04:19+00:00,1,17,od-leszna-most-bp,935,624,311,114
2026-09-08T15:04:19+00:00,1,17,od-czempinia-rondo-ak,679,497,182,61
2026-09-08T15:04:19+00:00,1,17,objazd-gostynska,891,273,618,567
2026-09-08T15:04:19+00:00,1,17,wyjazd-plac20-czmon,696,639,57,0
2026-09-08T15:14:19+00:00,1,17,obwodnica-plac20,226,203,23,0
2026-09-08T15:14:19+00:00,1,17,od-czmonia-plac20,627,577,50,0
2026-09-08T15:14:19+00:00,1,17,od-srody-plac20,457,420,37,0
2026-09-08T15:14:19+00:00,1,17,od-gostynia-staszica,386,318,68,0
2026-09-08T15:14:19+00:00,1,17,od-leszna-most-bp,827,624,203,1
2026-09-08T15:14:19+00:00,1,17,od-czempinia-rondo-ak,604,497,107,0
2026-09-08T15:14:19+00:00,1,17,objazd-gostynska,650,273,377,321
2026-09-08T15:14:19+00:00,1,17,wyjazd-plac20-czmon,631,581,50,1
2026-09-08T15:24:22+00:00,1,17,obwodnica-plac20,224,203,21,0
2026-09-08T15:24:22+00:00,1,17,od-czmonia-plac20,623,577,46,0
2026-09-08T15:24:22+00:00,1,17,od-srody-plac20,455,420,35,0
2026-09-08T15:24:22+00:00,1,17,od-gostynia-staszica,381,318,63,0
2026-09-08T15:24:22+00:00,1,17,od-leszna-most-bp,818,624,194,0
2026-09-08T15:24:22+00:00,1,17,od-czempinia-rondo-ak,682,595,87,0
2026-09-08T15:24:22+00:00,1,17,objazd-gostynska,852,273,579,537
2026-09-08T15:24:22+00:00,1,17,wyjazd-plac20-czmon,628,581,47,0
2026-09-08T15:34:21+00:00,1,17,obwodnica-plac20,223,203,20,0
2026-09-08T15:34:21+00:00,1,17,od-czmonia-plac20,621,577,44,0
2026-09-08T15:34:21+00:00,1,17,od-srody-plac20,453,420,33,0
2026-09-08T15:34:21+00:00,1,17,od-gostynia-staszica,377,318,59,0
2026-09-08T15:34:21+00:00,1,17,od-leszna-most-bp,811,624,187,0
2026-09-08T15:34:21+00:00,1,17,od-czempinia-rondo-ak,596,497,99,0
2026-09-08T15:34:21+00:00,1,17,objazd-gostynska,893,273,620,581
2026-09-08T15:34:21+00:00,1,17,wyjazd-plac20-czmon,623,581,42,0
2026-09-08T15:44:18+00:00,1,17,obwodnica-plac20,221,203,18,0
2026-09-08T15:44:18+00:00,1,17,od-czmonia-plac20,617,577,40,0
2026-09-08T15:44:18+00:00,1,17,od-srody-plac20,451,420,31,0
2026-09-08T15:44:18+00:00,1,17,od-gostynia-staszica,505,318,187,143
2026-09-08T15:44:18+00:00,1,17,od-leszna-most-bp,802,624,178,0
2026-09-08T15:44:18+00:00,1,17,od-czempinia-rondo-ak,674,595,79,0
2026-09-08T15:44:18+00:00,1,17,objazd-gostynska,622,273,349,321
2026-09-08T15:44:18+00:00,1,17,wyjazd-plac20-czmon,622,581,41,0
2026-09-08T15:54:20+00:00,1,17,obwodnica-plac20,220,203,17,0
2026-09-08T15:54:20+00:00,1,17,od-czmonia-plac20,615,577,38,0
2026-09-08T15:54:20+00:00,1,17,od-srody-plac20,449,420,29,0
2026-09-08T15:54:20+00:00,1,17,od-gostynia-staszica,368,318,50,0
2026-09-08T15:54:20+00:00,1,17,od-leszna-most-bp,794,624,170,0
2026-09-08T15:54:20+00:00,1,17,od-czempinia-rondo-ak,669,595,74,0
2026-09-08T15:54:20+00:00,1,17,objazd-gostynska,512,273,239,202
2026-09-08T15:54:20+00:00,1,17,wyjazd-plac20-czmon,619,581,38,0
2026-09-08T16:12:20+00:00,1,18,obwodnica-plac20,215,203,12,0
2026-09-08T16:12:20+00:00,1,18,od-czmonia-plac20,602,577,25,0
2026-09-08T16:12:20+00:00,1,18,od-srody-plac20,440,420,20,0
2026-09-08T16:12:20+00:00,1,18,od-gostynia-staszica,354,318,36,0
2026-09-08T16:12:20+00:00,1,18,od-leszna-most-bp,756,624,132,1
2026-09-08T16:12:20+00:00,1,18,od-czempinia-rondo-ak,648,595,53,0
2026-09-08T16:12:20+00:00,1,18,objazd-gostynska,315,273,42,0
2026-09-08T16:12:20+00:00,1,18,wyjazd-plac20-czmon,607,581,26,0
2026-09-08T16:32:21+00:00,1,18,obwodnica-plac20,213,203,10,0
2026-09-08T16:32:21+00:00,1,18,od-czmonia-plac20,599,577,22,0
2026-09-08T16:32:21+00:00,1,18,od-srody-plac20,437,420,17,0
2026-09-08T16:32:21+00:00,1,18,od-gostynia-staszica,348,318,30,0
2026-09-08T16:32:21+00:00,1,18,od-leszna-most-bp,742,624,118,0
2026-09-08T16:32:21+00:00,1,18,od-czempinia-rondo-ak,615,497,118,61
2026-09-08T16:32:21+00:00,1,18,objazd-gostynska,309,273,36,0
2026-09-08T16:32:21+00:00,1,18,wyjazd-plac20-czmon,604,581,23,0
2026-09-08T16:52:18+00:00,1,18,obwodnica-plac20,212,203,9,0
2026-09-08T16:52:18+00:00,1,18,od-czmonia-plac20,593,577,16,0
2026-09-08T16:52:18+00:00,1,18,od-srody-plac20,433,420,13,0
2026-09-08T16:52:18+00:00,1,18,od-gostynia-staszica,342,318,24,0
2026-09-08T16:52:18+00:00,1,18,od-leszna-most-bp,727,624,103,0
2026-09-08T16:52:18+00:00,1,18,od-czempinia-rondo-ak,631,595,36,0
2026-09-08T16:52:18+00:00,1,18,objazd-gostynska,302,273,29,0
2026-09-08T16:52:18+00:00,1,18,wyjazd-plac20-czmon,597,581,16,0
2026-09-08T17:12:18+00:00,1,19,obwodnica-plac20,212,203,9,0
2026-09-08T17:12:18+00:00,1,19,od-czmonia-plac20,595,577,18,0
2026-09-08T17:12:18+00:00,1,19,od-srody-plac20,435,420,15,0
2026-09-08T17:12:18+00:00,1,19,od-gostynia-staszica,342,318,24,0
2026-09-08T17:12:18+00:00,1,19,od-leszna-most-bp,721,624,97,0
2026-09-08T17:12:18+00:00,1,19,od-czempinia-rondo-ak,544,497,47,0
2026-09-08T17:12:18+00:00,1,19,objazd-gostynska,301,273,28,0
2026-09-08T17:12:18+00:00,1,19,wyjazd-plac20-czmon,599,581,18,0
2026-09-08T17:32:20+00:00,1,19,obwodnica-plac20,212,203,9,0
2026-09-08T17:32:20+00:00,1,19,od-czmonia-plac20,591,577,14,0
2026-09-08T17:32:20+00:00,1,19,od-srody-plac20,432,420,12,0
2026-09-08T17:32:20+00:00,1,19,od-gostynia-staszica,337,318,19,0
2026-09-08T17:32:20+00:00,1,19,od-leszna-most-bp,708,624,84,0
2026-09-08T17:32:20+00:00,1,19,od-czempinia-rondo-ak,596,497,99,61
2026-09-08T17:32:20+00:00,1,19,objazd-gostynska,296,273,23,0
2026-09-08T17:32:20+00:00,1,19,wyjazd-plac20-czmon,596,581,15,0
2026-09-08T17:52:19+00:00,1,19,obwodnica-plac20,210,203,7,0
2026-09-08T17:52:19+00:00,1,19,od-czmonia-plac20,590,577,13,0
2026-09-08T17:52:19+00:00,1,19,od-srody-plac20,430,420,10,0
2026-09-08T17:52:19+00:00,1,19,od-gostynia-staszica,333,318,15,0
2026-09-08T17:52:19+00:00,1,19,od-leszna-most-bp,698,624,74,0
2026-09-08T17:52:19+00:00,1,19,od-czempinia-rondo-ak,530,497,33,0
2026-09-08T17:52:19+00:00,1,19,objazd-gostynska,292,273,19,0
2026-09-08T17:52:19+00:00,1,19,wyjazd-plac20-czmon,593,581,12,0
2026-09-09T04:04:18+00:00,2,6,obwodnica-plac20,210,203,7,0
2026-09-09T04:04:18+00:00,2,6,od-czmonia-plac20,618,577,41,0
2026-09-09T04:04:18+00:00,2,6,od-srody-plac20,443,420,23,0
2026-09-09T04:04:18+00:00,2,6,od-gostynia-staszica,335,318,17,0
2026-09-09T04:04:18+00:00,2,6,od-leszna-most-bp,696,624,72,0
2026-09-09T04:04:18+00:00,2,6,od-czempinia-rondo-ak,628,595,33,0
2026-09-09T04:04:18+00:00,2,6,objazd-gostynska,293,273,20,0
2026-09-09T04:04:18+00:00,2,6,wyjazd-plac20-czmon,610,578,32,0
2026-09-09T04:14:19+00:00,2,6,obwodnica-plac20,212,203,9,0
2026-09-09T04:14:19+00:00,2,6,od-czmonia-plac20,621,577,44,0
2026-09-09T04:14:19+00:00,2,6,od-srody-plac20,447,420,27,0
2026-09-09T04:14:19+00:00,2,6,od-gostynia-staszica,338,318,20,0
2026-09-09T04:14:19+00:00,2,6,od-leszna-most-bp,710,624,86,0
2026-09-09T04:14:19+00:00,2,6,od-czempinia-rondo-ak,613,497,116,72
2026-09-09T04:14:19+00:00,2,6,objazd-gostynska,296,273,23,0
2026-09-09T04:14:19+00:00,2,6,wyjazd-plac20-czmon,616,578,38,0
2026-09-09T04:24:19+00:00,2,6,obwodnica-plac20,212,203,9,0
2026-09-09T04:24:19+00:00,2,6,od-czmonia-plac20,623,577,46,0
2026-09-09T04:24:19+00:00,2,6,od-srody-plac20,450,420,30,0
2026-09-09T04:24:19+00:00,2,6,od-gostynia-staszica,341,318,23,0
2026-09-09T04:24:19+00:00,2,6,od-leszna-most-bp,727,624,103,0
2026-09-09T04:24:19+00:00,2,6,od-czempinia-rondo-ak,633,595,38,0
2026-09-09T04:24:19+00:00,2,6,objazd-gostynska,299,273,26,0
2026-09-09T04:24:19+00:00,2,6,wyjazd-plac20-czmon,620,578,42,0
2026-09-09T04:34:18+00:00,2,6,obwodnica-plac20,214,203,11,0
2026-09-09T04:34:18+00:00,2,6,od-czmonia-plac20,628,577,51,0
2026-09-09T04:34:18+00:00,2,6,od-srody-plac20,456,420,36,0
2026-09-09T04:34:18+00:00,2,6,od-gostynia-staszica,346,318,28,0
2026-09-09T04:34:18+00:00,2,6,od-leszna-most-bp,747,624,123,0
2026-09-09T04:34:18+00:00,2,6,od-czempinia-rondo-ak,554,497,57,0
2026-09-09T04:34:18+00:00,2,6,objazd-gostynska,303,273,30,0
2026-09-09T04:34:18+00:00,2,6,wyjazd-plac20-czmon,628,578,50,0
2026-09-09T04:44:18+00:00,2,6,obwodnica-plac20,215,203,12,0
2026-09-09T04:44:18+00:00,2,6,od-czmonia-plac20,632,577,55,0
2026-09-09T04:44:18+00:00,2,6,od-srody-plac20,461,420,41,0
2026-09-09T04:44:18+00:00,2,6,od-gostynia-staszica,351,318,33,0
2026-09-09T04:44:18+00:00,2,6,od-leszna-most-bp,769,624,145,0
2026-09-09T04:44:18+00:00,2,6,od-czempinia-rondo-ak,622,497,125,61
2026-09-09T04:44:18+00:00,2,6,objazd-gostynska,465,273,192,166
2026-09-09T04:44:18+00:00,2,6,wyjazd-plac20-czmon,632,578,54,0
2026-09-09T04:54:18+00:00,2,6,obwodnica-plac20,217,203,14,0
2026-09-09T04:54:18+00:00,2,6,od-czmonia-plac20,636,577,59,0
2026-09-09T04:54:18+00:00,2,6,od-srody-plac20,466,420,46,0
2026-09-09T04:54:18+00:00,2,6,od-gostynia-staszica,569,318,251,227
2026-09-09T04:54:18+00:00,2,6,od-leszna-most-bp,884,711,173,0
2026-09-09T04:54:18+00:00,2,6,od-czempinia-rondo-ak,571,497,74,0
2026-09-09T04:54:18+00:00,2,6,objazd-gostynska,833,273,560,544
2026-09-09T04:54:18+00:00,2,6,wyjazd-plac20-czmon,702,636,66,0
2026-09-09T05:04:17+00:00,2,7,obwodnica-plac20,258,203,55,45
2026-09-09T05:04:17+00:00,2,7,od-czmonia-plac20,650,618,32,0
2026-09-09T05:04:17+00:00,2,7,od-srody-plac20,641,420,221,194
2026-09-09T05:04:17+00:00,2,7,od-gostynia-staszica,352,318,34,0
2026-09-09T05:04:17+00:00,2,7,od-leszna-most-bp,953,624,329,158
2026-09-09T05:04:17+00:00,2,7,od-czempinia-rondo-ak,635,595,40,0
2026-09-09T05:04:17+00:00,2,7,objazd-gostynska,974,273,701,692
2026-09-09T05:04:17+00:00,2,7,wyjazd-plac20-czmon,693,636,57,0
2026-09-09T05:14:18+00:00,2,7,obwodnica-plac20,218,203,15,0
2026-09-09T05:14:18+00:00,2,7,od-czmonia-plac20,628,577,51,0
2026-09-09T05:14:18+00:00,2,7,od-srody-plac20,466,420,46,0
2026-09-09T05:14:18+00:00,2,7,od-gostynia-staszica,646,318,328,305
2026-09-09T05:14:18+00:00,2,7,od-leszna-most-bp,819,624,195,0
2026-09-09T05:14:18+00:00,2,7,od-czempinia-rondo-ak,578,497,81,0
2026-09-09T05:14:18+00:00,2,7,objazd-gostynska,693,273,420,395
2026-09-09T05:14:18+00:00,2,7,wyjazd-plac20-czmon,637,578,59,0
2026-09-09T05:24:18+00:00,2,7,obwodnica-plac20,239,203,36,20
2026-09-09T05:24:18+00:00,2,7,od-czmonia-plac20,657,618,39,0
2026-09-09T05:24:18+00:00,2,7,od-srody-plac20,727,420,307,276
2026-09-09T05:24:18+00:00,2,7,od-gostynia-staszica,581,318,263,239
2026-09-09T05:24:18+00:00,2,7,od-leszna-most-bp,950,711,239,22
2026-09-09T05:24:18+00:00,2,7,od-czempinia-rondo-ak,645,595,50,0
2026-09-09T05:24:18+00:00,2,7,objazd-gostynska,1062,273,789,778
2026-09-09T05:24:18+00:00,2,7,wyjazd-plac20-czmon,698,639,59,0
2026-09-09T05:34:17+00:00,2,7,obwodnica-plac20,248,203,45,25
2026-09-09T05:34:17+00:00,2,7,od-czmonia-plac20,659,618,41,0
2026-09-09T05:34:17+00:00,2,7,od-srody-plac20,792,420,372,338
2026-09-09T05:34:17+00:00,2,7,od-gostynia-staszica,626,318,308,282
2026-09-09T05:34:17+00:00,2,7,od-leszna-most-bp,968,711,257,29
2026-09-09T05:34:17+00:00,2,7,od-czempinia-rondo-ak,650,595,55,0
2026-09-09T05:34:17+00:00,2,7,objazd-gostynska,1411,273,1138,1127
2026-09-09T05:34:17+00:00,2,7,wyjazd-plac20-czmon,699,639,60,0
2026-09-09T05:44:17+00:00,2,7,obwodnica-plac20,259,203,56,32
2026-09-09T05:44:17+00:00,2,7,od-czmonia-plac20,663,618,45,0
2026-09-09T05:44:17+00:00,2,7,od-srody-plac20,602,554,48,0
2026-09-09T05:44:17+00:00,2,7,od-gostynia-staszica,795,318,477,457
2026-09-09T05:44:17+00:00,2,7,od-leszna-most-bp,1060,711,349,191
2026-09-09T05:44:17+00:00,2,7,od-czempinia-rondo-ak,599,497,102,0
2026-09-09T05:44:17+00:00,2,7,objazd-gostynska,1583,377,1206,1195
2026-09-09T05:44:17+00:00,2,7,wyjazd-plac20-czmon,704,639,65,4
2026-09-09T05:54:19+00:00,2,7,obwodnica-plac20,242,203,39,14
2026-09-09T05:54:19+00:00,2,7,od-czmonia-plac20,648,577,71,6
2026-09-09T05:54:19+00:00,2,7,od-srody-plac20,586,420,166,128
2026-09-09T05:54:19+00:00,2,7,od-gostynia-staszica,814,318,496,472
2026-09-09T05:54:19+00:00,2,7,od-leszna-most-bp,1036,711,325,157
2026-09-09T05:54:19+00:00,2,7,od-czempinia-rondo-ak,659,595,64,0
2026-09-09T05:54:19+00:00,2,7,objazd-gostynska,1728,377,1351,1341
2026-09-09T05:54:19+00:00,2,7,wyjazd-plac20-czmon,701,639,62,0
2026-09-09T06:04:20+00:00,2,8,obwodnica-plac20,277,203,74,45
2026-09-09T06:04:20+00:00,2,8,od-czmonia-plac20,672,618,54,0
2026-09-09T06:04:20+00:00,2,8,od-srody-plac20,801,420,381,339
2026-09-09T06:04:20+00:00,2,8,od-gostynia-staszica,523,318,205,160
2026-09-09T06:04:20+00:00,2,8,od-leszna-most-bp,984,624,360,196
2026-09-09T06:04:20+00:00,2,8,od-czempinia-rondo-ak,669,595,74,0
2026-09-09T06:04:20+00:00,2,8,objazd-gostynska,1596,377,1219,1208
2026-09-09T06:04:20+00:00,2,8,wyjazd-plac20-czmon,706,639,67,0
2026-09-09T06:14:19+00:00,2,8,obwodnica-plac20,252,203,49,20
2026-09-09T06:14:19+00:00,2,8,od-czmonia-plac20,671,618,53,0
2026-09-09T06:14:19+00:00,2,8,od-srody-plac20,580,420,160,117
2026-09-09T06:14:19+00:00,2,8,od-gostynia-staszica,613,318,295,257
2026-09-09T06:14:19+00:00,2,8,od-leszna-most-bp,1177,624,553,387
2026-09-09T06:14:19+00:00,2,8,od-czempinia-rondo-ak,669,595,74,0
2026-09-09T06:14:19+00:00,2,8,objazd-gostynska,1735,377,1358,1347
2026-09-09T06:14:19+00:00,2,8,wyjazd-plac20-czmon,703,639,64,0
2026-09-09T06:24:17+00:00,2,8,obwodnica-plac20,252,203,49,20
2026-09-09T06:24:17+00:00,2,8,od-czmonia-plac20,670,618,52,0
2026-09-09T06:24:17+00:00,2,8,od-srody-plac20,617,420,197,157
2026-09-09T06:24:17+00:00,2,8,od-gostynia-staszica,588,318,270,239
2026-09-09T06:24:17+00:00,2,8,od-leszna-most-bp,977,711,266,23
2026-09-09T06:24:17+00:00,2,8,od-czempinia-rondo-ak,668,595,73,0
2026-09-09T06:24:17+00:00,2,8,objazd-gostynska,1515,273,1242,1233
2026-09-09T06:24:17+00:00,2,8,wyjazd-plac20-czmon,701,639,62,0
2026-09-09T06:34:17+00:00,2,8,obwodnica-plac20,232,203,29,0
2026-09-09T06:34:17+00:00,2,8,od-czmonia-plac20,643,577,66,0
2026-09-09T06:34:17+00:00,2,8,od-srody-plac20,475,420,55,0
2026-09-09T06:34:17+00:00,2,8,od-gostynia-staszica,371,318,53,0
2026-09-09T06:34:17+00:00,2,8,od-leszna-most-bp,954,711,243,3
2026-09-09T06:34:17+00:00,2,8,od-czempinia-rondo-ak,612,497,115,0
2026-09-09T06:34:17+00:00,2,8,objazd-gostynska,1267,273,994,985
2026-09-09T06:34:17+00:00,2,8,wyjazd-plac20-czmon,708,639,69,9
2026-09-09T06:44:21+00:00,2,8,obwodnica-plac20,231,203,28,0
2026-09-09T06:44:21+00:00,2,8,od-czmonia-plac20,641,577,64,0
2026-09-09T06:44:21+00:00,2,8,od-srody-plac20,472,420,52,0
2026-09-09T06:44:21+00:00,2,8,od-gostynia-staszica,370,318,52,0
2026-09-09T06:44:21+00:00,2,8,od-leszna-most-bp,853,624,229,0
2026-09-09T06:44:21+00:00,2,8,od-czempinia-rondo-ak,666,595,71,0
2026-09-09T06:44:21+00:00,2,8,objazd-gostynska,1169,273,896,887
2026-09-09T06:44:21+00:00,2,8,wyjazd-plac20-czmon,636,581,55,0
2026-09-09T06:54:18+00:00,2,8,obwodnica-plac20,229,203,26,0
2026-09-09T06:54:18+00:00,2,8,od-czmonia-plac20,638,577,61,0
2026-09-09T06:54:18+00:00,2,8,od-srody-plac20,468,420,48,0
2026-09-09T06:54:18+00:00,2,8,od-gostynia-staszica,368,318,50,0
2026-09-09T06:54:18+00:00,2,8,od-leszna-most-bp,847,624,223,2
2026-09-09T06:54:18+00:00,2,8,od-czempinia-rondo-ak,665,595,70,0
2026-09-09T06:54:18+00:00,2,8,objazd-gostynska,982,273,709,699
2026-09-09T06:54:18+00:00,2,8,wyjazd-plac20-czmon,633,581,52,1
2026-09-09T07:04:18+00:00,2,9,obwodnica-plac20,222,203,19,0
2026-09-09T07:04:18+00:00,2,9,od-czmonia-plac20,626,577,49,0
2026-09-09T07:04:18+00:00,2,9,od-srody-plac20,456,420,36,0
2026-09-09T07:04:18+00:00,2,9,od-gostynia-staszica,361,318,43,0
2026-09-09T07:04:18+00:00,2,9,od-leszna-most-bp,847,624,223,78
2026-09-09T07:04:18+00:00,2,9,od-czempinia-rondo-ak,656,595,61,0
2026-09-09T07:04:18+00:00,2,9,objazd-gostynska,879,273,606,595
2026-09-09T07:04:18+00:00,2,9,wyjazd-plac20-czmon,623,581,42,0
2026-09-09T07:14:19+00:00,2,9,obwodnica-plac20,220,203,17,0
2026-09-09T07:14:19+00:00,2,9,od-czmonia-plac20,625,577,48,0
2026-09-09T07:14:19+00:00,2,9,od-srody-plac20,454,420,34,0
2026-09-09T07:14:19+00:00,2,9,od-gostynia-staszica,360,318,42,0
2026-09-09T07:14:19+00:00,2,9,od-leszna-most-bp,820,624,196,14
2026-09-09T07:14:19+00:00,2,9,od-czempinia-rondo-ak,656,595,61,0
2026-09-09T07:14:19+00:00,2,9,objazd-gostynska,899,273,626,615
2026-09-09T07:14:19+00:00,2,9,wyjazd-plac20-czmon,622,581,41,0
2026-09-09T07:24:21+00:00,2,9,obwodnica-plac20,218,203,15,0
2026-09-09T07:24:21+00:00,2,9,od-czmonia-plac20,623,577,46,0
2026-09-09T07:24:21+00:00,2,9,od-srody-plac20,452,420,32,0
2026-09-09T07:24:21+00:00,2,9,od-gostynia-staszica,360,318,42,0
2026-09-09T07:24:21+00:00,2,9,od-leszna-most-bp,814,624,190,0
2026-09-09T07:24:21+00:00,2,9,od-czempinia-rondo-ak,656,595,61,0
2026-09-09T07:24:21+00:00,2,9,objazd-gostynska,315,273,42,0
2026-09-09T07:24:21+00:00,2,9,wyjazd-plac20-czmon,621,581,40,0
2026-09-09T07:34:19+00:00,2,9,obwodnica-plac20,217,203,14,0
2026-09-09T07:34:19+00:00,2,9,od-czmonia-plac20,622,577,45,0
2026-09-09T07:34:19+00:00,2,9,od-srody-plac20,450,420,30,0
2026-09-09T07:34:19+00:00,2,9,od-gostynia-staszica,359,318,41,0
2026-09-09T07:34:19+00:00,2,9,od-leszna-most-bp,837,624,213,69
2026-09-09T07:34:19+00:00,2,9,od-czempinia-rondo-ak,592,497,95,0
2026-09-09T07:34:19+00:00,2,9,objazd-gostynska,314,273,41,0
2026-09-09T07:34:19+00:00,2,9,wyjazd-plac20-czmon,621,581,40,0
2026-09-09T07:44:19+00:00,2,9,obwodnica-plac20,216,203,13,0
2026-09-09T07:44:19+00:00,2,9,od-czmonia-plac20,621,577,44,0
2026-09-09T07:44:19+00:00,2,9,od-srody-plac20,449,420,29,0
2026-09-09T07:44:19+00:00,2,9,od-gostynia-staszica,359,318,41,0
2026-09-09T07:44:19+00:00,2,9,od-leszna-most-bp,812,624,188,2
2026-09-09T07:44:19+00:00,2,9,od-czempinia-rondo-ak,593,497,96,0
2026-09-09T07:44:19+00:00,2,9,objazd-gostynska,314,273,41,0
2026-09-09T07:44:19+00:00,2,9,wyjazd-plac20-czmon,621,581,40,0
2026-09-09T07:54:23+00:00,2,9,obwodnica-plac20,215,203,12,0
2026-09-09T07:54:23+00:00,2,9,od-czmonia-plac20,620,577,43,0
2026-09-09T07:54:23+00:00,2,9,od-srody-plac20,449,420,29,0
2026-09-09T07:54:23+00:00,2,9,od-gostynia-staszica,360,318,42,0
2026-09-09T07:54:23+00:00,2,9,od-leszna-most-bp,820,624,196,29
2026-09-09T07:54:23+00:00,2,9,od-czempinia-rondo-ak,658,595,63,0
2026-09-09T07:54:23+00:00,2,9,objazd-gostynska,313,273,40,0
2026-09-09T07:54:23+00:00,2,9,wyjazd-plac20-czmon,621,581,40,0
2026-09-09T08:12:19+00:00,2,10,obwodnica-plac20,216,203,13,0
2026-09-09T08:12:19+00:00,2,10,od-czmonia-plac20,624,577,47,0
2026-09-09T08:12:19+00:00,2,10,od-srody-plac20,451,420,31,0
2026-09-09T08:12:19+00:00,2,10,od-gostynia-staszica,362,318,44,0
2026-09-09T08:12:19+00:00,2,10,od-leszna-most-bp,815,624,191,0
2026-09-09T08:12:19+00:00,2,10,od-czempinia-rondo-ak,666,595,71,0
2026-09-09T08:12:19+00:00,2,10,objazd-gostynska,316,273,43,0
2026-09-09T08:12:19+00:00,2,10,wyjazd-plac20-czmon,625,581,44,0
2026-09-09T08:32:20+00:00,2,10,obwodnica-plac20,216,203,13,0
2026-09-09T08:32:20+00:00,2,10,od-czmonia-plac20,624,577,47,0
2026-09-09T08:32:20+00:00,2,10,od-srody-plac20,451,420,31,0
2026-09-09T08:32:20+00:00,2,10,od-gostynia-staszica,363,318,45,0
2026-09-09T08:32:20+00:00,2,10,od-leszna-most-bp,816,624,192,0
2026-09-09T08:32:20+00:00,2,10,od-czempinia-rondo-ak,668,595,73,0
2026-09-09T08:32:20+00:00,2,10,objazd-gostynska,317,273,44,0
2026-09-09T08:32:20+00:00,2,10,wyjazd-plac20-czmon,625,581,44,0
2026-09-09T08:52:21+00:00,2,10,obwodnica-plac20,216,203,13,0
2026-09-09T08:52:21+00:00,2,10,od-czmonia-plac20,622,577,45,0
2026-09-09T08:52:21+00:00,2,10,od-srody-plac20,451,420,31,0
2026-09-09T08:52:21+00:00,2,10,od-gostynia-staszica,364,318,46,0
2026-09-09T08:52:21+00:00,2,10,od-leszna-most-bp,821,624,197,2
2026-09-09T08:52:21+00:00,2,10,od-czempinia-rondo-ak,671,595,76,0
2026-09-09T08:52:21+00:00,2,10,objazd-gostynska,465,273,192,153
2026-09-09T08:52:21+00:00,2,10,wyjazd-plac20-czmon,626,581,45,0
2026-09-09T09:12:18+00:00,2,11,obwodnica-plac20,215,203,12,0
2026-09-09T09:12:18+00:00,2,11,od-czmonia-plac20,617,577,40,0
2026-09-09T09:12:18+00:00,2,11,od-srody-plac20,447,420,27,0
2026-09-09T09:12:18+00:00,2,11,od-gostynia-staszica,362,318,44,0
2026-09-09T09:12:18+00:00,2,11,od-leszna-most-bp,815,624,191,2
2026-09-09T09:12:18+00:00,2,11,od-czempinia-rondo-ak,667,595,72,0
2026-09-09T09:12:18+00:00,2,11,objazd-gostynska,496,273,223,192
2026-09-09T09:12:18+00:00,2,11,wyjazd-plac20-czmon,620,581,39,0
2026-09-09T09:32:19+00:00,2,11,obwodnica-plac20,216,203,13,0
2026-09-09T09:32:19+00:00,2,11,od-czmonia-plac20,617,577,40,0
2026-09-09T09:32:19+00:00,2,11,od-srody-plac20,447,420,27,0
2026-09-09T09:32:19+00:00,2,11,od-gostynia-staszica,364,318,46,0
2026-09-09T09:32:19+00:00,2,11,od-leszna-most-bp,815,624,191,0
2026-09-09T09:32:19+00:00,2,11,od-czempinia-rondo-ak,670,595,75,0
2026-09-09T09:32:19+00:00,2,11,objazd-gostynska,320,273,47,0
2026-09-09T09:32:19+00:00,2,11,wyjazd-plac20-czmon,621,581,40,0
2026-09-09T09:52:57+00:00,2,11,obwodnica-plac20,215,203,12,0
2026-09-09T09:52:57+00:00,2,11,od-czmonia-plac20,615,577,38,0
2026-09-09T09:52:57+00:00,2,11,od-srody-plac20,446,420,26,0
2026-09-09T09:52:57+00:00,2,11,od-gostynia-staszica,365,318,47,0
2026-09-09T09:52:57+00:00,2,11,od-leszna-most-bp,817,624,193,2
2026-09-09T09:52:57+00:00,2,11,od-czempinia-rondo-ak,597,497,100,0
2026-09-09T09:52:57+00:00,2,11,objazd-gostynska,322,273,49,0
2026-09-09T09:52:57+00:00,2,11,wyjazd-plac20-czmon,617,581,36,0
2026-09-09T10:12:21+00:00,2,12,obwodnica-plac20,215,203,12,0
2026-09-09T10:12:21+00:00,2,12,od-czmonia-plac20,614,577,37,0
2026-09-09T10:12:21+00:00,2,12,od-srody-plac20,445,420,25,0
2026-09-09T10:12:21+00:00,2,12,od-gostynia-staszica,365,318,47,0
2026-09-09T10:12:21+00:00,2,12,od-leszna-most-bp,817,624,193,0
2026-09-09T10:12:21+00:00,2,12,od-czempinia-rondo-ak,596,497,99,0
2026-09-09T10:12:21+00:00,2,12,objazd-gostynska,322,273,49,0
2026-09-09T10:12:21+00:00,2,12,wyjazd-plac20-czmon,617,581,36,0
2026-09-09T10:32:22+00:00,2,12,obwodnica-plac20,215,203,12,0
2026-09-09T10:32:22+00:00,2,12,od-czmonia-plac20,614,577,37,0
2026-09-09T10:32:22+00:00,2,12,od-srody-plac20,445,420,25,0
2026-09-09T10:32:22+00:00,2,12,od-gostynia-staszica,467,318,149,107
2026-09-09T10:32:22+00:00,2,12,od-leszna-most-bp,817,624,193,0
2026-09-09T10:32:22+00:00,2,12,od-czempinia-rondo-ak,670,595,75,0
2026-09-09T10:32:22+00:00,2,12,objazd-gostynska,424,273,151,107
2026-09-09T10:32:22+00:00,2,12,wyjazd-plac20-czmon,617,581,36,0
2026-09-09T10:52:19+00:00,2,12,obwodnica-plac20,215,203,12,0
2026-09-09T10:52:19+00:00,2,12,od-czmonia-plac20,614,577,37,0
2026-09-09T10:52:19+00:00,2,12,od-srody-plac20,445,420,25,0
2026-09-09T10:52:19+00:00,2,12,od-gostynia-staszica,367,318,49,0
2026-09-09T10:52:19+00:00,2,12,od-leszna-most-bp,818,624,194,0
2026-09-09T10:52:19+00:00,2,12,od-czempinia-rondo-ak,595,497,98,0
2026-09-09T10:52:19+00:00,2,12,objazd-gostynska,706,273,433,410
2026-09-09T10:52:19+00:00,2,12,wyjazd-plac20-czmon,617,581,36,0
2026-09-09T11:12:19+00:00,2,13,obwodnica-plac20,215,203,12,0
2026-09-09T11:12:19+00:00,2,13,od-czmonia-plac20,616,577,39,0
2026-09-09T11:12:19+00:00,2,13,od-srody-plac20,446,420,26,0
2026-09-09T11:12:19+00:00,2,13,od-gostynia-staszica,369,318,51,0
2026-09-09T11:12:19+00:00,2,13,od-leszna-most-bp,822,624,198,0
2026-09-09T11:12:19+00:00,2,13,od-czempinia-rondo-ak,626,497,129,33
2026-09-09T11:12:19+00:00,2,13,objazd-gostynska,326,273,53,0
2026-09-09T11:12:19+00:00,2,13,wyjazd-plac20-czmon,619,581,38,0
2026-09-09T11:32:20+00:00,2,13,obwodnica-plac20,216,203,13,0
2026-09-09T11:32:20+00:00,2,13,od-czmonia-plac20,616,577,39,0
2026-09-09T11:32:20+00:00,2,13,od-srody-plac20,446,420,26,0
2026-09-09T11:32:20+00:00,2,13,od-gostynia-staszica,513,318,195,166
2026-09-09T11:32:20+00:00,2,13,od-leszna-most-bp,827,624,203,0
2026-09-09T11:32:20+00:00,2,13,od-czempinia-rondo-ak,675,595,80,0
2026-09-09T11:32:20+00:00,2,13,objazd-gostynska,457,273,184,149
2026-09-09T11:32:20+00:00,2,13,wyjazd-plac20-czmon,620,581,39,0
2026-09-09T11:52:21+00:00,2,13,obwodnica-plac20,216,203,13,0
2026-09-09T11:52:21+00:00,2,13,od-czmonia-plac20,618,577,41,0
2026-09-09T11:52:21+00:00,2,13,od-srody-plac20,448,420,28,0
2026-09-09T11:52:21+00:00,2,13,od-gostynia-staszica,522,318,204,155
2026-09-09T11:52:21+00:00,2,13,od-leszna-most-bp,835,624,211,0
2026-09-09T11:52:21+00:00,2,13,od-czempinia-rondo-ak,678,595,83,0
2026-09-09T11:52:21+00:00,2,13,objazd-gostynska,747,273,474,447
2026-09-09T11:52:21+00:00,2,13,wyjazd-plac20-czmon,622,581,41,0
2026-09-09T12:04:18+00:00,2,14,obwodnica-plac20,217,203,14,0
2026-09-09T12:04:18+00:00,2,14,od-czmonia-plac20,619,577,42,0
2026-09-09T12:04:18+00:00,2,14,od-srody-plac20,449,420,29,0
2026-09-09T12:04:18+00:00,2,14,od-gostynia-staszica,458,318,140,104
2026-09-09T12:04:18+00:00,2,14,od-leszna-most-bp,839,624,215,0
2026-09-09T12:04:18+00:00,2,14,od-czempinia-rondo-ak,681,595,86,0
2026-09-09T12:04:18+00:00,2,14,objazd-gostynska,1267,273,994,977
2026-09-09T12:04:18+00:00,2,14,wyjazd-plac20-czmon,623,581,42,0
2026-09-09T12:14:19+00:00,2,14,obwodnica-plac20,224,203,21,4
2026-09-09T12:14:19+00:00,2,14,od-czmonia-plac20,628,577,51,0
2026-09-09T12:14:19+00:00,2,14,od-srody-plac20,670,420,250,225
2026-09-09T12:14:19+00:00,2,14,od-gostynia-staszica,618,318,300,266
2026-09-09T12:14:19+00:00,2,14,od-leszna-most-bp,955,711,244,7
2026-09-09T12:14:19+00:00,2,14,od-czempinia-rondo-ak,695,595,100,0
2026-09-09T12:14:19+00:00,2,14,objazd-gostynska,1732,467,1265,1245
2026-09-09T12:14:19+00:00,2,14,wyjazd-plac20-czmon,691,639,52,0
2026-09-09T12:24:18+00:00,2,14,obwodnica-plac20,253,203,50,32
2026-09-09T12:24:18+00:00,2,14,od-czmonia-plac20,652,618,34,0
2026-09-09T12:24:18+00:00,2,14,od-srody-plac20,582,554,28,0
2026-09-09T12:24:18+00:00,2,14,od-gostynia-staszica,388,318,70,0
2026-09-09T12:24:18+00:00,2,14,od-leszna-most-bp,989,711,278,36
2026-09-09T12:24:18+00:00,2,14,od-czempinia-rondo-ak,697,595,102,0
2026-09-09T12:24:18+00:00,2,14,objazd-gostynska,1316,273,1043,1027
2026-09-09T12:24:18+00:00,2,14,wyjazd-plac20-czmon,691,639,52,0
2026-09-09T12:34:19+00:00,2,14,obwodnica-plac20,237,203,34,16
2026-09-09T12:34:19+00:00,2,14,od-czmonia-plac20,652,618,34,0
2026-09-09T12:34:19+00:00,2,14,od-srody-plac20,583,554,29,0
2026-09-09T12:34:19+00:00,2,14,od-gostynia-staszica,391,318,73,0
2026-09-09T12:34:19+00:00,2,14,od-leszna-most-bp,979,711,268,20
2026-09-09T12:34:19+00:00,2,14,od-czempinia-rondo-ak,700,595,105,0
2026-09-09T12:34:19+00:00,2,14,objazd-gostynska,1409,273,1136,1119
2026-09-09T12:34:19+00:00,2,14,wyjazd-plac20-czmon,691,639,52,0
2026-09-09T12:44:19+00:00,2,14,obwodnica-plac20,254,203,51,32
2026-09-09T12:44:19+00:00,2,14,od-czmonia-plac20,653,618,35,0
2026-09-09T12:44:19+00:00,2,14,od-srody-plac20,584,554,30,0
2026-09-09T12:44:19+00:00,2,14,od-gostynia-staszica,394,318,76,0
2026-09-09T12:44:19+00:00,2,14,od-leszna-most-bp,1005,624,381,198
2026-09-09T12:44:19+00:00,2,14,od-czempinia-rondo-ak,704,595,109,0
2026-09-09T12:44:19+00:00,2,14,objazd-gostynska,1221,273,948,930
2026-09-09T12:44:19+00:00,2,14,wyjazd-plac20-czmon,692,639,53,0
2026-09-09T12:54:21+00:00,2,14,obwodnica-plac20,267,203,64,45
2026-09-09T12:54:21+00:00,2,14,od-czmonia-plac20,653,618,35,0
2026-09-09T12:54:21+00:00,2,14,od-srody-plac20,789,420,369,339
2026-09-09T12:54:21+00:00,2,14,od-gostynia-staszica,397,318,79,0
2026-09-09T12:54:21+00:00,2,14,od-leszna-most-bp,1013,711,302,47
2026-09-09T12:54:21+00:00,2,14,od-czempinia-rondo-ak,620,497,123,0
2026-09-09T12:54:21+00:00,2,14,objazd-gostynska,1065,273,792,772
2026-09-09T12:54:21+00:00,2,14,wyjazd-plac20-czmon,693,639,54,0
2026-09-09T13:04:54+00:00,2,15,obwodnica-plac20,247,203,44,25
2026-09-09T13:04:54+00:00,2,15,od-czmonia-plac20,657,618,39,0
2026-09-09T13:04:54+00:00,2,15,od-srody-plac20,598,420,178,145
2026-09-09T13:04:54+00:00,2,15,od-gostynia-staszica,549,318,231,162
2026-09-09T13:04:54+00:00,2,15,od-leszna-most-bp,1018,711,307,28
2026-09-09T13:04:54+00:00,2,15,od-czempinia-rondo-ak,717,595,122,0
2026-09-09T13:04:54+00:00,2,15,objazd-gostynska,1314,273,1041,1020
2026-09-09T13:04:54+00:00,2,15,wyjazd-plac20-czmon,697,639,58,0
2026-09-09T13:14:19+00:00,2,15,obwodnica-plac20,241,203,38,16
2026-09-09T13:14:19+00:00,2,15,od-czmonia-plac20,657,618,39,0
2026-09-09T13:14:19+00:00,2,15,od-srody-plac20,552,420,132,97
2026-09-09T13:14:19+00:00,2,15,od-gostynia-staszica,640,318,322,286
2026-09-09T13:14:19+00:00,2,15,od-leszna-most-bp,1065,711,354,139
2026-09-09T13:14:19+00:00,2,15,od-czempinia-rondo-ak,719,595,124,0
2026-09-09T13:14:19+00:00,2,15,objazd-gostynska,1324,273,1051,1028
2026-09-09T13:14:19+00:00,2,15,wyjazd-plac20-czmon,698,639,59,0
2026-09-09T13:24:18+00:00,2,15,obwodnica-plac20,295,203,92,70
2026-09-09T13:24:18+00:00,2,15,od-czmonia-plac20,658,618,40,0
2026-09-09T13:24:18+00:00,2,15,od-srody-plac20,588,554,34,0
2026-09-09T13:24:18+00:00,2,15,od-gostynia-staszica,626,318,308,255
2026-09-09T13:24:18+00:00,2,15,od-leszna-most-bp,1107,711,396,180
2026-09-09T13:24:18+00:00,2,15,od-czempinia-rondo-ak,720,595,125,0
2026-09-09T13:24:18+00:00,2,15,objazd-gostynska,1502,377,1125,1101
2026-09-09T13:24:18+00:00,2,15,wyjazd-plac20-czmon,698,639,59,0
2026-09-09T13:34:20+00:00,2,15,obwodnica-plac20,295,203,92,70
2026-09-09T13:34:20+00:00,2,15,od-czmonia-plac20,659,618,41,0
2026-09-09T13:34:20+00:00,2,15,od-srody-plac20,588,554,34,0
2026-09-09T13:34:20+00:00,2,15,od-gostynia-staszica,536,318,218,147
2026-09-09T13:34:20+00:00,2,15,od-leszna-most-bp,1070,711,359,74
2026-09-09T13:34:20+00:00,2,15,od-czempinia-rondo-ak,632,497,135,0
2026-09-09T13:34:20+00:00,2,15,objazd-gostynska,1309,273,1036,968
2026-09-09T13:34:20+00:00,2,15,wyjazd-plac20-czmon,698,639,59,0
2026-09-09T13:44:19+00:00,2,15,obwodnica-plac20,259,203,56,32
2026-09-09T13:44:19+00:00,2,15,od-czmonia-plac20,659,618,41,0
2026-09-09T13:44:19+00:00,2,15,od-srody-plac20,589,554,35,0
2026-09-09T13:44:19+00:00,2,15,od-gostynia-staszica,595,318,277,230
2026-09-09T13:44:19+00:00,2,15,od-leszna-most-bp,1037,711,326,39
2026-09-09T13:44:19+00:00,2,15,od-czempinia-rondo-ak,680,497,183,53
2026-09-09T13:44:19+00:00,2,15,objazd-gostynska,1465,377,1088,1064
2026-09-09T13:44:19+00:00,2,15,wyjazd-plac20-czmon,699,639,60,0
2026-09-09T13:54:19+00:00,2,15,obwodnica-plac20,251,203,48,25
2026-09-09T13:54:19+00:00,2,15,od-czmonia-plac20,660,618,42,0
2026-09-09T13:54:19+00:00,2,15,od-srody-plac20,589,554,35,0
2026-09-09T13:54:19+00:00,2,15,od-gostynia-staszica,791,318,473,426
2026-09-09T13:54:19+00:00,2,15,od-leszna-most-bp,1028,711,317,29
2026-09-09T13:54:19+00:00,2,15,od-czempinia-rondo-ak,724,595,129,0
2026-09-09T13:54:19+00:00,2,15,objazd-gostynska,1423,273,1150,1127
2026-09-09T13:54:19+00:00,2,15,wyjazd-plac20-czmon,714,639,75,15
2026-09-09T14:04:20+00:00,2,16,obwodnica-plac20,272,203,69,45
2026-09-09T14:04:20+00:00,2,16,od-czmonia-plac20,660,618,42,0
2026-09-09T14:04:20+00:00,2,16,od-srody-plac20,590,554,36,0
2026-09-09T14:04:20+00:00,2,16,od-gostynia-staszica,419,318,101,0
2026-09-09T14:04:20+00:00,2,16,od-leszna-most-bp,1056,711,345,48
2026-09-09T14:04:20+00:00,2,16,od-czempinia-rondo-ak,704,497,207,72
2026-09-09T14:04:20+00:00,2,16,objazd-gostynska,1336,273,1063,1040
2026-09-09T14:04:20+00:00,2,16,wyjazd-plac20-czmon,715,639,76,15
2026-09-09T14:14:19+00:00,2,16,obwodnica-plac20,238,203,35,11
2026-09-09T14:14:19+00:00,2,16,od-czmonia-plac20,660,618,42,0
2026-09-09T14:14:19+00:00,2,16,od-srody-plac20,590,554,36,0
2026-09-09T14:14:19+00:00,2,16,od-gostynia-staszica,656,318,338,303
2026-09-09T14:14:19+00:00,2,16,od-leszna-most-bp,1021,711,310,14
2026-09-09T14:14:19+00:00,2,16,od-czempinia-rondo-ak,638,497,141,0
2026-09-09T14:14:19+00:00,2,16,objazd-gostynska,1309,273,1036,1013
2026-09-09T14:14:19+00:00,2,16,wyjazd-plac20-czmon,711,639,72,9
2026-09-09T14:24:19+00:00,2,16,obwodnica-plac20,259,203,56,32
2026-09-09T14:24:19+00:00,2,16,od-czmonia-plac20,659,618,41,0
2026-09-09T14:24:19+00:00,2,16,od-srody-plac20,590,554,36,0
2026-09-09T14:24:19+00:00,2,16,od-gostynia-staszica,417,318,99,0
2026-09-09T14:24:19+00:00,2,16,od-leszna-most-bp,1039,711,328,36
2026-09-09T14:24:19+00:00,2,16,od-czempinia-rondo-ak,725,595,130,0
2026-09-09T14:24:19+00:00,2,16,objazd-gostynska,1429,273,1156,1135
2026-09-09T14:24:19+00:00,2,16,wyjazd-plac20-czmon,701,639,62,0
2026-09-09T14:34:17+00:00,2,16,obwodnica-plac20,246,203,43,20
2026-09-09T14:34:17+00:00,2,16,od-czmonia-plac20,659,618,41,0
2026-09-09T14:34:17+00:00,2,16,od-srody-plac20,848,689,159,117
2026-09-09T14:34:17+00:00,2,16,od-gostynia-staszica,413,318,95,0
2026-09-09T14:34:17+00:00,2,16,od-leszna-most-bp,1025,711,314,25
2026-09-09T14:34:17+00:00,2,16,od-czempinia-rondo-ak,634,497,137,0
2026-09-09T14:34:17+00:00,2,16,objazd-gostynska,1580,377,1203,1183
2026-09-09T14:34:17+00:00,2,16,wyjazd-plac20-czmon,701,639,62,0
2026-09-09T14:44:18+00:00,2,16,obwodnica-plac20,271,203,68,45
2026-09-09T14:44:18+00:00,2,16,od-czmonia-plac20,659,618,41,0
2026-09-09T14:44:18+00:00,2,16,od-srody-plac20,589,554,35,0
2026-09-09T14:44:18+00:00,2,16,od-gostynia-staszica,410,318,92,0
2026-09-09T14:44:18+00:00,2,16,od-leszna-most-bp,1038,624,414,144
2026-09-09T14:44:18+00:00,2,16,od-czempinia-rondo-ak,632,497,135,0
2026-09-09T14:44:18+00:00,2,16,objazd-gostynska,1604,377,1227,1208
2026-09-09T14:44:18+00:00,2,16,wyjazd-plac20-czmon,701,639,62,0
2026-09-09T14:54:19+00:00,2,16,obwodnica-plac20,258,203,55,32
2026-09-09T14:54:19+00:00,2,16,od-czmonia-plac20,658,618,40,0
2026-09-09T14:54:19+00:00,2,16,od-srody-plac20,588,554,34,0
2026-09-09T14:54:19+00:00,2,16,od-gostynia-staszica,406,318,88,0
2026-09-09T14:54:19+00:00,2,16,od-leszna-most-bp,1078,624,454,254
2026-09-09T14:54:19+00:00,2,16,od-czempinia-rondo-ak,695,497,198,72
2026-09-09T14:54:19+00:00,2,16,objazd-gostynska,1459,377,1082,1064
2026-09-09T14:54:19+00:00,2,16,wyjazd-plac20-czmon,701,639,62,0
2026-09-09T15:04:18+00:00,2,17,obwodnica-plac20,269,203,66,45
2026-09-09T15:04:18+00:00,2,17,od-czmonia-plac20,657,618,39,0
2026-09-09T15:04:18+00:00,2,17,od-srody-plac20,587,554,33,0
2026-09-09T15:04:18+00:00,2,17,od-gostynia-staszica,403,318,85,0
2026-09-09T15:04:18+00:00,2,17,od-leszna-most-bp,1004,711,293,47
2026-09-09T15:04:18+00:00,2,17,od-czempinia-rondo-ak,614,497,117,0
2026-09-09T15:04:18+00:00,2,17,objazd-gostynska,1413,273,1140,1125
2026-09-09T15:04:18+00:00,2,17,wyjazd-plac20-czmon,699,639,60,0
2026-09-09T15:14:20+00:00,2,17,obwodnica-plac20,238,203,35,16
2026-09-09T15:14:20+00:00,2,17,od-czmonia-plac20,654,618,36,0
2026-09-09T15:14:20+00:00,2,17,od-srody-plac20,577,420,157,131
2026-09-09T15:14:20+00:00,2,17,od-gostynia-staszica,390,318,72,0
2026-09-09T15:14:20+00:00,2,17,od-leszna-most-bp,966,711,255,19
2026-09-09T15:14:20+00:00,2,17,od-czempinia-rondo-ak,609,497,112,0
2026-09-09T15:14:20+00:00,2,17,objazd-gostynska,1130,273,857,842
2026-09-09T15:14:20+00:00,2,17,wyjazd-plac20-czmon,693,639,54,0
2026-09-09T15:24:21+00:00,2,17,obwodnica-plac20,240,203,37,20
2026-09-09T15:24:21+00:00,2,17,od-czmonia-plac20,651,618,33,0
2026-09-09T15:24:21+00:00,2,17,od-srody-plac20,562,420,142,117
2026-09-09T15:24:21+00:00,2,17,od-gostynia-staszica,386,318,68,0
2026-09-09T15:24:21+00:00,2,17,od-leszna-most-bp,961,711,250,22
2026-09-09T15:24:21+00:00,2,17,od-czempinia-rondo-ak,672,497,175,72
2026-09-09T15:24:21+00:00,2,17,objazd-gostynska,898,273,625,580
2026-09-09T15:24:21+00:00,2,17,wyjazd-plac20-czmon,692,639,53,0
2026-09-09T15:34:20+00:00,2,17,obwodnica-plac20,219,203,16,0
2026-09-09T15:34:20+00:00,2,17,od-czmonia-plac20,650,618,32,0
2026-09-09T15:34:20+00:00,2,17,od-srody-plac20,453,420,33,0
2026-09-09T15:34:20+00:00,2,17,od-gostynia-staszica,382,318,64,0
2026-09-09T15:34:20+00:00,2,17,od-leszna-most-bp,934,711,223,2
2026-09-09T15:34:20+00:00,2,17,od-czempinia-rondo-ak,685,595,90,0
2026-09-09T15:34:20+00:00,2,17,objazd-gostynska,1045,273,772,758
2026-09-09T15:34:20+00:00,2,17,wyjazd-plac20-czmon,693,639,54,4
2026-09-09T15:44:20+00:00,2,17,obwodnica-plac20,218,203,15,0
2026-09-09T15:44:20+00:00,2,17,od-czmonia-plac20,647,618,29,0
2026-09-09T15:44:20+00:00,2,17,od-srody-plac20,450,420,30,0
2026-09-09T15:44:20+00:00,2,17,od-gostynia-staszica,376,318,58,0
2026-09-09T15:44:20+00:00,2,17,od-leszna-most-bp,925,711,214,5
2026-09-09T15:44:20+00:00,2,17,od-czempinia-rondo-ak,681,595,86,0
2026-09-09T15:44:20+00:00,2,17,objazd-gostynska,1137,377,760,724
2026-09-09T15:44:20+00:00,2,17,wyjazd-plac20-czmon,688,639,49,0
2026-09-09T15:54:19+00:00,2,17,obwodnica-plac20,261,203,58,45
2026-09-09T15:54:19+00:00,2,17,od-czmonia-plac20,646,618,28,0
2026-09-09T15:54:19+00:00,2,17,od-srody-plac20,577,554,23,0
2026-09-09T15:54:19+00:00,2,17,od-gostynia-staszica,372,318,54,0
2026-09-09T15:54:19+00:00,2,17,od-leszna-most-bp,958,624,334,145
2026-09-09T15:54:19+00:00,2,17,od-czempinia-rondo-ak,589,497,92,0
2026-09-09T15:54:19+00:00,2,17,objazd-gostynska,1053,273,780,767
2026-09-09T15:54:19+00:00,2,17,wyjazd-plac20-czmon,687,639,48,0
2026-09-09T16:12:21+00:00,2,18,obwodnica-plac20,213,203,10,0
2026-09-09T16:12:21+00:00,2,18,od-czmonia-plac20,603,577,26,0
2026-09-09T16:12:21+00:00,2,18,od-srody-plac20,440,420,20,0
2026-09-09T16:12:21+00:00,2,18,od-gostynia-staszica,357,318,39,0
2026-09-09T16:12:21+00:00,2,18,od-leszna-most-bp,772,624,148,2
2026-09-09T16:12:21+00:00,2,18,od-czempinia-rondo-ak,654,595,59,0
2026-09-09T16:12:21+00:00,2,18,objazd-gostynska,885,467,418,388
2026-09-09T16:12:21+00:00,2,18,wyjazd-plac20-czmon,613,581,32,2
2026-09-09T16:32:21+00:00,2,18,obwodnica-plac20,211,203,8,0
2026-09-09T16:32:21+00:00,2,18,od-czmonia-plac20,600,577,23,0
2026-09-09T16:32:21+00:00,2,18,od-srody-plac20,437,420,17,0
2026-09-09T16:32:21+00:00,2,18,od-gostynia-staszica,351,318,33,0
2026-09-09T16:32:21+00:00,2,18,od-leszna-most-bp,756,624,132,0
2026-09-09T16:32:21+00:00,2,18,od-czempinia-rondo-ak,645,595,50,0
2026-09-09T16:32:21+00:00,2,18,objazd-gostynska,551,273,278,253
2026-09-09T16:32:21+00:00,2,18,wyjazd-plac20-czmon,607,581,26,0
2026-09-09T16:52:17+00:00,2,18,obwodnica-plac20,209,203,6,0
2026-09-09T16:52:17+00:00,2,18,od-czmonia-plac20,593,577,16,0
2026-09-09T16:52:17+00:00,2,18,od-srody-plac20,433,420,13,0
2026-09-09T16:52:17+00:00,2,18,od-gostynia-staszica,345,318,27,0
2026-09-09T16:52:17+00:00,2,18,od-leszna-most-bp,740,624,116,0
2026-09-09T16:52:17+00:00,2,18,od-czempinia-rondo-ak,637,595,42,0
2026-09-09T16:52:17+00:00,2,18,objazd-gostynska,878,273,605,587
2026-09-09T16:52:17+00:00,2,18,wyjazd-plac20-czmon,600,581,19,0
2026-09-09T17:12:20+00:00,2,19,obwodnica-plac20,210,203,7,0
2026-09-09T17:12:20+00:00,2,19,od-czmonia-plac20,596,577,19,0
2026-09-09T17:12:20+00:00,2,19,od-srody-plac20,434,420,14,0
2026-09-09T17:12:20+00:00,2,19,od-gostynia-staszica,522,318,204,181
2026-09-09T17:12:20+00:00,2,19,od-leszna-most-bp,734,624,110,0
2026-09-09T17:12:20+00:00,2,19,od-czempinia-rondo-ak,551,497,54,0
2026-09-09T17:12:20+00:00,2,19,objazd-gostynska,1045,273,772,767
2026-09-09T17:12:20+00:00,2,19,wyjazd-plac20-czmon,604,581,23,0
